Konica Minolta bizhub C227;https://komp.1k.by//periphery-printers/konica/Konica_Minolta_bizhub_C227-2378573.html;https://static.1k.by/images/products/ip/125/ppb/2/2378573/ibe2ad3f4b.jpg;копир/сканер, A3, печать: лазерная цветная, прямая, 1800x600 dpi, сканер: 600x600 dpi, скорость печати: ч/б - 22 стр/мин, цветн. - 22 стр/мин, вывод: 250 листов
Konica Minolta bizhub 226;https://komp.1k.by//periphery-printers/konica/Konica_Minolta_bizhub_226-2460563.html;https://static.1k.by/images/products/ip/125/pp1/c/2460563/ifa3f3959e.jpg;копир/сканер, A3, печать: лазерная черно-белая, сканер: 600x600 dpi, скорость печати: ч/б - 22 стр/мин, вывод: 250 листов
Konica Minolta bizhub 185;https://komp.1k.by//periphery-printers/konica/Konica_Minolta_bizhub_185-727825.html;https://static.1k.by/images/products/ip/125/p730000/pe/9/727825/i5f79cd4f3.jpg;копир/сканер, A3, печать: лазерная черно-белая, сканер: 600x600 dpi, скорость печати: ч/б - 18 стр/мин
Konica Minolta bizhub 227;https://komp.1k.by//periphery-printers/konica/Konica_Minolta_bizhub_227-2247273.html;https://static.1k.by/images/products/ip/125/pp4/7/2247273/ib85549b9f.jpg;копир/сканер/факс, A3, печать: лазерная черно-белая, сканер: 600x600 dpi, скорость печати: ч/б - 22 стр/мин, вывод: 250 листов
Konica Minolta bizhub C258;https://komp.1k.by//periphery-printers/konica/Konica_Minolta_bizhub_C258-2401413.html;https://static.1k.by/images/products/ip/125/pp4/0/2401413/i7bfa8b148.jpg;копир/сканер/факс, A3, печать: лазерная цветная, прямая, 1200x1200 dpi, сканер: 600x600 dpi, скорость печати: ч/б - 25 стр/мин, цветн. - 25 стр/мин, вывод: 250 листов, airPrint
Konica Minolta bizhub 4402P;https://komp.1k.by//periphery-printers/konica/Konica_Minolta_bizhub_4402P-3260875.html;https://static.1k.by/images/products/ip/125/pp3/8/3260875/i5feeb5951.jpg;A4, печать: лазерная черно-белая, скорость печати: ч/б - 44 стр/мин, вывод: 150 листов, Wi-Fi, airPrint
Konica Minolta bizhub C250i;https://komp.1k.by//periphery-printers/konica/Konica_Minolta_bizhub_C250i-3810023.html;https://static.1k.by/images/products/ip/125/ppb/b/3810023/id7c94d0e2.jpg;копир/сканер, A3, печать: лазерная цветная, прямая, 1200x1200 dpi, сканер: 600x600 dpi, скорость печати: ч/б - 25 стр/мин, цветн. - 25 стр/мин, вывод: 250 листов, airPrint
Konica Minolta bizhub PRO C500;https://komp.1k.by//periphery-printers/konica/Konica_Minolta_bizhub_PRO_C500-218236.html;https://static.1k.by/images/products/ip/125/p220000/p7/b/218236/i2f25aab7e.jpeg;копир/сканер, A3, печать: лазерная цветная, 600x600 dpi, сканер: 600x600 dpi, скорость печати: ч/б - 51 стр/мин, цветн. - 51 стр/мин, вывод: 150 листов
Konica Minolta PagePro 1400W;https://komp.1k.by//periphery-printers/konica/Konica_Minolta_PagePro_1400W-219119.html;https://static.1k.by/images/products/ip/125/p220000/p5/b/219119/i171a11084.jpg;A4, печать: лазерная черно-белая, скорость печати: ч/б - 16 стр/мин, вывод: 100 листов
Konica Minolta bizhub 601;https://komp.1k.by//periphery-printers/konica/Konica_Minolta_bizhub_601-219671.html;https://static.1k.by/images/products/ip/125/p220000/pb/f/219671/ifb3346ef8.jpg;копир/сканер/факс, A3, печать: лазерная черно-белая, прямая, сканер: 600x600 dpi, скорость печати: ч/б - 60 стр/мин
Konica Minolta bizhub 223;https://komp.1k.by//periphery-printers/konica/Konica_Minolta_bizhub_223-416609.html;https://static.1k.by/images/products/ip/125/p420000/pb/e/416609/i5b38eba9a.jpg;копир/сканер, A3, печать: лазерная черно-белая, сканер: 600x600 dpi, скорость печати: ч/б - 22 стр/мин, вывод: 250 листов
Konica Minolta bizhub C3100P;https://komp.1k.by//periphery-printers/konica/Konica_Minolta_bizhub_C3100P-1449145.html;https://static.1k.by/images/products/ip/125/ppc/e/1449145/i5e1b44444.jpg;A4, печать: лазерная цветная, прямая, 1200x1200 dpi, скорость печати: ч/б - 32 стр/мин, цветн. - 32 стр/мин, вывод: 200 листов
Konica Minolta bizhub C368;https://komp.1k.by//periphery-printers/konica/Konica_Minolta_bizhub_C368-2247271.html;https://static.1k.by/images/products/ip/125/pp2/8/2247271/i8d873a7de.jpg;копир/сканер, A3, печать: лазерная цветная, прямая, 1200x1200 dpi, сканер: 600x600 dpi, скорость печати: ч/б - 36 стр/мин, цветн. - 36 стр/мин, вывод: 250 листов, airPrint
Konica Minolta bizhub C3851FS;https://komp.1k.by//periphery-printers/konica/Konica_Minolta_bizhub_C3851FS-2885945.html;https://static.1k.by/images/products/ip/125/pp9/e/2885945/ib169106c3.jpg;копир/сканер/факс, A4, печать: лазерная цветная, 1200x1200 dpi, сканер: 600x600 dpi, скорость печати: ч/б - 38 стр/мин, цветн. - 38 стр/мин, вывод: 250 листов, airPrint
Konica Minolta bizhub 368;https://komp.1k.by//periphery-printers/konica/Konica_Minolta_bizhub_368-2913145.html;https://static.1k.by/images/products/ip/125/pp5/c/2913145/i1c39231a7.jpg;копир/сканер, A3, печать: лазерная черно-белая, прямая, сканер: 600x600 dpi, скорость печати: ч/б - 36 стр/мин, вывод: 250 листов, airPrint
Konica Minolta bizhub C451;https://komp.1k.by//periphery-printers/konica/Konica_Minolta_bizhub_C451-218233.html;https://static.1k.by/images/products/ip/125/p220000/p4/e/218233/i92e933c52.jpeg;копир/сканер, A3, печать: лазерная цветная, 600x1800 dpi, сканер: 600x600 dpi, скорость печати: ч/б - 45 стр/мин, цветн. - 45 стр/мин, вывод: 1200 листов
Konica Minolta bizhub C650;https://komp.1k.by//periphery-printers/konica/Konica_Minolta_bizhub_C650-218234.html;https://static.1k.by/images/products/ip/125/p220000/p3/7/218234/i81770d7b9.jpg;копир/сканер, A3, печать: светодиодная цветная, 600x1800 dpi, сканер: 600x600 dpi, скорость печати: ч/б - 65 стр/мин, цветн. - 50 стр/мин, вывод: 3100 листов
Konica Minolta magicolor 1600W;https://komp.1k.by//periphery-printers/konica/Konica_Minolta_magicolor_1600W-218237.html;https://static.1k.by/images/products/ip/125/p220000/p2/7/218237/ia5577f232.jpg;A4, печать: лазерная цветная, 1200x600 dpi, скорость печати: ч/б - 20 стр/мин, цветн. - 5 стр/мин, вывод: 100 листов
Konica Minolta magicolor 1680MF;https://komp.1k.by//periphery-printers/konica/Konica_Minolta_magicolor_1680MF-218241.html;https://static.1k.by/images/products/ip/125/p220000/p1/5/218241/i3767bfd18.jpg;копир/сканер, A4, печать: лазерная цветная, 1200x600 dpi, сканер: 600x600 dpi, скорость печати: ч/б - 20 стр/мин, цветн. - 5 стр/мин, вывод: 100 листов
Konica Minolta magicolor 2400W;https://komp.1k.by//periphery-printers/konica/Konica_Minolta_magicolor_2400W-218245.html;https://static.1k.by/images/products/ip/125/p220000/p2/9/218245/i6d045bddf.jpg;A4, печать: лазерная цветная, 2400x600 dpi, скорость печати: ч/б - 20 стр/мин, цветн. - 5 стр/мин, вывод: 200 листов
Konica Minolta magicolor 2550DN;https://komp.1k.by//periphery-printers/konica/Konica_Minolta_magicolor_2550DN-218251.html;https://static.1k.by/images/products/ip/125/p220000/p4/9/218251/ia6489fa2b.jpg;A4, печать: лазерная цветная, прямая, скорость печати: ч/б - 20 стр/мин, цветн. - 5 стр/мин, вывод: 200 листов
Konica Minolta magicolor 8650DN;https://komp.1k.by//periphery-printers/konica/Konica_Minolta_magicolor_8650DN-218840.html;https://static.1k.by/images/products/ip/125/p220000/p1/0/218840/iece74bf35.jpg;A3, печать: лазерная цветная, прямая, скорость печати: ч/б - 35 стр/мин, цветн. - 35 стр/мин, вывод: 250 листов
Konica Minolta Di3510;https://komp.1k.by//periphery-printers/konica/Konica_Minolta_Di3510-219108.html;https://static.1k.by/images/products/ip/125/p220000/p9/4/219108/ifc4ddc98c.jpg;копир/сканер, A3, печать: лазерная черно-белая, сканер: 600x600 dpi, скорость печати: ч/б - 35 стр/мин, вывод: 600 листов
Konica Minolta PagePro 1350W;https://komp.1k.by//periphery-printers/konica/Konica_Minolta_PagePro_1350W-219116.html;https://static.1k.by/images/products/ip/125/p220000/p9/7/219116/i03060230d.jpg;A4, печать: лазерная черно-белая, скорость печати: ч/б - 20 стр/мин, вывод: 100 листов
Konica Minolta PagePro 1380MF;https://komp.1k.by//periphery-printers/konica/Konica_Minolta_PagePro_1380MF-219117.html;https://static.1k.by/images/products/ip/125/p220000/p1/3/219117/id82f6613e.jpg;копир/сканер, A4, печать: лазерная черно-белая, сканер: 1200x1200 dpi, скорость печати: ч/б - 20 стр/мин, вывод: 100 листов
Konica Minolta PagePro 5650EN;https://komp.1k.by//periphery-printers/konica/Konica_Minolta_PagePro_5650EN-219121.html;https://static.1k.by/images/products/ip/125/p220000/p7/5/219121/i68c33bd83.jpg;A4, печать: лазерная черно-белая, прямая, скорость печати: ч/б - 43 стр/мин, вывод: 500 листов
Konica Minolta Di1610;https://komp.1k.by//periphery-printers/konica/Konica_Minolta_Di1610-219351.html;https://static.1k.by/images/products/ip/125/p220000/p9/6/219351/id76aab4f0.jpg;копир/сканер, A4, печать: лазерная черно-белая, сканер: 600x600 dpi, скорость печати: ч/б - 16 стр/мин, вывод: 100 листов
Konica Minolta bizhub 162;https://komp.1k.by//periphery-printers/konica/Konica_Minolta_bizhub_162-219561.html;https://static.1k.by/images/products/ip/125/p220000/p4/d/219561/ib091248f8.jpg;копир/сканер, A3, печать: лазерная черно-белая, сканер: 600x600 dpi, скорость печати: ч/б - 16 стр/мин, вывод: 250 листов
Konica Minolta bizhub 163;https://komp.1k.by//periphery-printers/konica/Konica_Minolta_bizhub_163-219562.html;https://static.1k.by/images/products/ip/125/p220000/p1/9/219562/i6bc0adbd8.jpeg;копир/сканер, A3, печать: лазерная черно-белая, сканер: 600x600 dpi, скорость печати: ч/б - 16 стр/мин, вывод: 250 листов
Konica Minolta bizhub 210;https://komp.1k.by//periphery-printers/konica/Konica_Minolta_bizhub_210-219564.html;https://static.1k.by/images/products/ip/125/p220000/p8/1/219564/i56569249d.jpg;копир/сканер, A3, печать: лазерная черно-белая, сканер: 600x600 dpi, скорость печати: ч/б - 21 стр/мин, вывод: 250 листов
Konica Minolta bizhub 211;https://komp.1k.by//periphery-printers/konica/Konica_Minolta_bizhub_211-219565.html;https://static.1k.by/images/products/ip/125/p220000/pa/1/219565/i1d42335d0.jpeg;копир/сканер, A3, печать: лазерная черно-белая, сканер: 600x600 dpi, скорость печати: ч/б - 21 стр/мин, вывод: 250 листов
Konica Minolta bizhub 250;https://komp.1k.by//periphery-printers/konica/Konica_Minolta_bizhub_250-219567.html;https://static.1k.by/images/products/ip/125/p220000/p6/1/219567/if3513cf41.jpg;копир/сканер, A3, печать: лазерная черно-белая, сканер: 600x600 dpi, скорость печати: ч/б - 25 стр/мин, вывод: 1200 листов
Konica Minolta bizhub 282;https://komp.1k.by//periphery-printers/konica/Konica_Minolta_bizhub_282-219568.html;https://static.1k.by/images/products/ip/125/p220000/pb/d/219568/i3fc8bcbcd.jpg;копир/сканер, A3, печать: лазерная черно-белая, сканер: 600x600 dpi, скорость печати: ч/б - 28 стр/мин, вывод: 200 листов
Konica Minolta bizhub 421;https://komp.1k.by//periphery-printers/konica/Konica_Minolta_bizhub_421-219573.html;https://static.1k.by/images/products/ip/125/p220000/p5/d/219573/iddcd14c67.jpg;копир/сканер/факс, A3, печать: лазерная черно-белая, прямая, сканер: 600x600 dpi, скорость печати: ч/б - 42 стр/мин
Konica Minolta bizhub C200;https://komp.1k.by//periphery-printers/konica/Konica_Minolta_bizhub_C200-219675.html;https://static.1k.by/images/products/ip/125/p220000/p4/3/219675/ibfabae32a.jpeg;копир/сканер, A3, печать: лазерная цветная, 600x600 dpi, сканер: 600x600 dpi, скорость печати: ч/б - 20 стр/мин, цветн. - 20 стр/мин, вывод: 250 листов
Konica Minolta bizhub C203;https://komp.1k.by//periphery-printers/konica/Konica_Minolta_bizhub_C203-219676.html;https://static.1k.by/images/products/ip/125/p220000/pc/b/219676/i7353a6f94.jpg;копир/сканер, A3, печать: лазерная цветная, прямая, 1800x600 dpi, сканер: 600x600 dpi, скорость печати: ч/б - 20 стр/мин, цветн. - 20 стр/мин, вывод: 1200 листов
Konica Minolta bizhub C250;https://komp.1k.by//periphery-printers/konica/Konica_Minolta_bizhub_C250-219677.html;https://static.1k.by/images/products/ip/125/p220000/pc/7/219677/ia06dabb35.jpg;копир/сканер, A3, печать: лазерная цветная, 1800x600 dpi, сканер: 600x600 dpi, скорость печати: ч/б - 25 стр/мин, цветн. - 25 стр/мин, вывод: 250 листов
Konica Minolta bizhub C252;https://komp.1k.by//periphery-printers/konica/Konica_Minolta_bizhub_C252-219679.html;https://static.1k.by/images/products/ip/125/p220000/p6/2/219679/i247600072.jpg;копир/сканер, A3, печать: лазерная цветная, прямая, 1800x600 dpi, сканер: 600x600 dpi, скорость печати: ч/б - 25 стр/мин, цветн. - 25 стр/мин, вывод: 250 листов
Konica Minolta bizhub C353;https://komp.1k.by//periphery-printers/konica/Konica_Minolta_bizhub_C353-219686.html;https://static.1k.by/images/products/ip/125/p220000/p1/0/219686/ifbd5686df.jpg;копир/сканер, A3, печать: лазерная цветная, прямая, 1800x600 dpi, сканер: 600x600 dpi, скорость печати: ч/б - 35 стр/мин, цветн. - 35 стр/мин, вывод: 1200 листов
Konica Minolta bizhub C353P;https://komp.1k.by//periphery-printers/konica/Konica_Minolta_bizhub_C353P-219687.html;https://static.1k.by/images/products/ip/125/p220000/p6/6/219687/i90ef494c3.jpg;A3, печать: лазерная цветная, 1800x600 dpi, скорость печати: ч/б - 35 стр/мин, цветн. - 35 стр/мин, вывод: 1200 листов
Konica Minolta bizhub C220;https://komp.1k.by//periphery-printers/konica/Konica_Minolta_bizhub_C220-286053.html;https://static.1k.by/images/products/ip/125/p290000/pb/2/286053/i3e045af35.jpg;копир/сканер, A3, печать: лазерная цветная, прямая, 1800x600 dpi, сканер: 600x600 dpi, скорость печати: ч/б - 22 стр/мин, цветн. - 22 стр/мин, вывод: 250 листов
Konica Minolta bizhub C280;https://komp.1k.by//periphery-printers/konica/Konica_Minolta_bizhub_C280-286054.html;https://static.1k.by/images/products/ip/125/p290000/p7/b/286054/i6b96b116e.jpg;копир/сканер, A3, печать: лазерная цветная, прямая, 1800x600 dpi, сканер: 600x600 dpi, скорость печати: ч/б - 28 стр/мин, цветн. - 28 стр/мин, вывод: 250 листов
Konica Minolta bizhub C360;https://komp.1k.by//periphery-printers/konica/Konica_Minolta_bizhub_C360-286055.html;https://static.1k.by/images/products/ip/125/p290000/p7/5/286055/ia0c222802.jpg;копир/сканер, A3, печать: лазерная цветная, прямая, 1800x600 dpi, сканер: 600x600 dpi, скорость печати: ч/б - 36 стр/мин, цветн. - 36 стр/мин, вывод: 250 листов
Konica Minolta bizhub C452;https://komp.1k.by//periphery-printers/konica/Konica_Minolta_bizhub_C452-286056.html;https://static.1k.by/images/products/ip/125/p290000/p7/6/286056/iec95a1b68.jpg;копир/сканер, A3, печать: лазерная цветная, 600x1800 dpi, сканер: 600x600 dpi, скорость печати: ч/б - 45 стр/мин, цветн. - 45 стр/мин
Konica Minolta PagePro 1480MF;https://komp.1k.by//periphery-printers/konica/Konica_Minolta_PagePro_1480MF-386777.html;https://static.1k.by/images/products/ip/125/p390000/p6/7/386777/i8c2db4aed.jpg;копир/сканер, A4, печать: лазерная черно-белая, сканер: 600x600 dpi, скорость печати: ч/б - 20 стр/мин
Konica Minolta 240f;https://komp.1k.by//periphery-printers/konica/Konica_Minolta_240f-403729.html;https://static.1k.by/images/products/ip/125/p410000/pa/2/403729/i5efdc328e.jpg;копир/сканер/факс, A4, печать: лазерная черно-белая, прямая, сканер: 600x600 dpi, скорость печати: ч/б - 24 стр/мин, вывод: 250 листов
Konica Minolta bizhub 164;https://komp.1k.by//periphery-printers/konica/Konica_Minolta_bizhub_164-403730.html;https://static.1k.by/images/products/ip/125/p410000/p0/c/403730/i79f17cb0d.jpg;копир/сканер, A3, печать: лазерная черно-белая, сканер: 600x600 dpi, скорость печати: ч/б - 16 стр/мин, вывод: 250 листов
Konica Minolta bizhub PRO 950;https://komp.1k.by//periphery-printers/konica/Konica_Minolta_bizhub_PRO_950-410658.html;https://static.1k.by/images/products/ip/125/p420000/pc/1/410658/i248411830.jpg;копир/сканер, A3, печать: лазерная черно-белая, сканер: 600x600 dpi, скорость печати: ч/б - 95 стр/мин
Konica Minolta bizhub C35;https://komp.1k.by//periphery-printers/konica/Konica_Minolta_bizhub_C35-416613.html;https://static.1k.by/images/products/ip/125/p420000/p7/b/416613/i8972d3daa.jpg;копир/сканер/факс, A4, печать: лазерная цветная, 600x600 dpi, сканер: 600x600 dpi, скорость печати: ч/б - 30 стр/мин, цветн. - 30 стр/мин, вывод: 250 листов
Konica Minolta bizhub C35P;https://komp.1k.by//periphery-printers/konica/Konica_Minolta_bizhub_C35P-416614.html;https://static.1k.by/images/products/ip/125/p420000/p9/9/416614/i4e3bf14d5.jpg;A4, печать: лазерная цветная, прямая, 600x600 dpi, скорость печати: ч/б - 30 стр/мин, цветн. - 30 стр/мин, вывод: 200 листов
Konica Minolta bizhub C550;https://komp.1k.by//periphery-printers/konica/Konica_Minolta_bizhub_C550-416615.html;https://static.1k.by/images/products/ip/125/p420000/pf/c/416615/i24154994b.jpg;копир/сканер, A3, печать: лазерная цветная, 1800x600 dpi, сканер: 600x600 dpi, скорость печати: ч/б - 55 стр/мин, цветн. - 45 стр/мин
Konica Minolta bizhub 215;https://komp.1k.by//periphery-printers/konica/Konica_Minolta_bizhub_215-686136.html;https://static.1k.by/images/products/ip/125/p690000/pd/9/686136/if980444fe.jpg;копир/сканер, A3, печать: лазерная черно-белая, сканер: 600x600 dpi, скорость печати: ч/б - 21 стр/мин, вывод: 250 листов
Konica Minolta bizhub PRESS C8000;https://komp.1k.by//periphery-printers/konica/Konica_Minolta_bizhub_PRESS_C8000-718368.html;https://static.1k.by/images/products/ip/125/p720000/p0/b/718368/i871090746.jpg;копир/сканер, A3, печать: лазерная цветная, 1200x1200 dpi, сканер: 600x600 dpi, скорость печати: ч/б - 80 стр/мин, цветн. - 80 стр/мин
Konica Minolta bizhub PRESS C70hc;https://komp.1k.by//periphery-printers/konica/Konica_Minolta_bizhub_PRESS_C70hc-718369.html;https://static.1k.by/images/products/ip/125/p720000/p9/2/718369/i8a9aebfda.jpg;копир/сканер, A3, печать: лазерная цветная, 1200x1200 dpi, сканер: 600x600 dpi, скорость печати: ч/б - 71 стр/мин, цветн. - 71 стр/мин
Konica Minolta bizhub PRESS C7000P;https://komp.1k.by//periphery-printers/konica/Konica_Minolta_bizhub_PRESS_C7000P-718370.html;https://static.1k.by/images/products/ip/125/p720000/p1/0/718370/i168f56011.jpg;копир/сканер, A3, печать: лазерная цветная, 1200x1200 dpi, сканер: 600x600 dpi, скорость печати: ч/б - 71 стр/мин, цветн. - 71 стр/мин
Konica Minolta bizhub PRESS C7000;https://komp.1k.by//periphery-printers/konica/Konica_Minolta_bizhub_PRESS_C7000-718371.html;https://static.1k.by/images/products/ip/125/p720000/pb/3/718371/ia05f7bc36.jpg;копир/сканер, A3, печать: лазерная цветная, 1200x1200 dpi, сканер: 600x600 dpi, скорость печати: ч/б - 71 стр/мин, цветн. - 71 стр/мин
Konica Minolta bizhub PRESS C6000L;https://komp.1k.by//periphery-printers/konica/Konica_Minolta_bizhub_PRESS_C6000L-718372.html;https://static.1k.by/images/products/ip/125/p720000/p0/9/718372/ief4b608ea.jpg;копир/сканер, A3, печать: лазерная цветная, 1200x1200 dpi, сканер: 600x600 dpi, скорость печати: ч/б - 60 стр/мин, цветн. - 60 стр/мин
Konica Minolta bizhub PRESS C6000;https://komp.1k.by//periphery-printers/konica/Konica_Minolta_bizhub_PRESS_C6000-718373.html;https://static.1k.by/images/products/ip/125/p720000/pd/d/718373/ide241a92f.jpg;копир/сканер, A3, печать: лазерная цветная, 1200x1200 dpi, сканер: 600x600 dpi, скорость печати: ч/б - 60 стр/мин, цветн. - 60 стр/мин
Konica Minolta bizhub C284;https://komp.1k.by//periphery-printers/konica/Konica_Minolta_bizhub_C284-727814.html;https://static.1k.by/images/products/ip/125/p730000/pb/2/727814/i0d5851be1.jpg;копир/сканер, A3, печать: лазерная цветная, 1200x1200 dpi, сканер: 600x600 dpi, скорость печати: ч/б - 28 стр/мин, цветн. - 28 стр/мин, вывод: 250 листов
Konica Minolta bizhub 165;https://komp.1k.by//periphery-printers/konica/Konica_Minolta_bizhub_165-727827.html;https://static.1k.by/images/products/ip/125/p730000/p5/8/727827/if2106ee46.jpg;копир/сканер, A3, печать: лазерная черно-белая, сканер: 600x600 dpi, скорость печати: ч/б - 16 стр/мин
Konica Minolta bizhub C454;https://komp.1k.by//periphery-printers/konica/Konica_Minolta_bizhub_C454-752214.html;https://static.1k.by/images/products/ip/125/p760000/pf/5/752214/ic97d82374.jpg;копир/сканер, A3, печать: лазерная цветная, 1200x1200 dpi, сканер: 600x600 dpi, скорость печати: ч/б - 45 стр/мин, цветн. - 45 стр/мин, вывод: 250 листов
Konica Minolta bizhub 754;https://komp.1k.by//periphery-printers/konica/Konica_Minolta_bizhub_754-817607.html;https://static.1k.by/images/products/ip/125/p820000/p3/f/817607/iefd8dc201.jpg;копир/сканер/факс, A3, печать: лазерная черно-белая, прямая, сканер: 600x600 dpi, скорость печати: ч/б - 75 стр/мин, вывод: 250 листов
Konica Minolta bizhub C3110;https://komp.1k.by//periphery-printers/konica/Konica_Minolta_bizhub_C3110-1699819.html;https://static.1k.by/images/products/ip/125/ppd/4/1699819/if43d22875.jpg;копир/сканер, A4, печать: лазерная цветная, прямая, 1200x1200 dpi, сканер: 600x600 dpi, скорость печати: ч/б - 31 стр/мин, цветн. - 31 стр/мин, вывод: 150 листов
Konica Minolta bizhub C308;https://komp.1k.by//periphery-printers/konica/Konica_Minolta_bizhub_C308-2247269.html;https://static.1k.by/images/products/ip/125/pp9/e/2247269/id419916fb.jpg;копир/сканер, A3, печать: лазерная цветная, прямая, 1800x600 dpi, сканер: 600x600 dpi, скорость печати: ч/б - 30 стр/мин, цветн. - 30 стр/мин, вывод: 250 листов, airPrint
Konica Minolta bizhub 287;https://komp.1k.by//periphery-printers/konica/Konica_Minolta_bizhub_287-2247275.html;https://static.1k.by/images/products/ip/125/ppd/e/2247275/i56ec3f523.jpg;копир/сканер/факс, A3, печать: лазерная черно-белая, сканер: 600x600 dpi, скорость печати: ч/б - 28 стр/мин, вывод: 250 листов
Konica Minolta bizhub 367;https://komp.1k.by//periphery-printers/konica/Konica_Minolta_bizhub_367-2322291.html;https://static.1k.by/images/products/ip/125/ppf/b/2322291/i83d947b95.jpg;копир/сканер, A3, печать: лазерная черно-белая, сканер: 600x600 dpi, скорость печати: ч/б - 36 стр/мин, вывод: 250 листов
Konica Minolta bizhub C287;https://komp.1k.by//periphery-printers/konica/Konica_Minolta_bizhub_C287-2401415.html;https://static.1k.by/images/products/ip/125/pp5/2/2401415/id7cc60f98.jpg;копир/сканер/факс, A3, печать: лазерная цветная, прямая, 1200x1200 dpi, сканер: 600x600 dpi, скорость печати: ч/б - 28 стр/мин, цветн. - 28 стр/мин, вывод: 250 листов, airPrint
Konica Minolta bizhub 3301P;https://komp.1k.by//periphery-printers/konica/Konica_Minolta_bizhub_3301P-2458833.html;https://static.1k.by/images/products/ip/125/ppa/1/2458833/i56b65336d.jpg;A4, печать: лазерная черно-белая, скорость печати: ч/б - 33 стр/мин, вывод: 150 листов
Konica Minolta bizhub 758;https://komp.1k.by//periphery-printers/konica/Konica_Minolta_bizhub_758-2636729.html;https://static.1k.by/images/products/ip/125/pp2/8/2636729/ib3a60efa1.jpg;копир/сканер/факс, A3, печать: лазерная черно-белая, сканер: 600x600 dpi, скорость печати: ч/б - 75 стр/мин, вывод: 250 листов
Konica Minolta bizhub 266;https://komp.1k.by//periphery-printers/konica/Konica_Minolta_bizhub_266-2699193.html;https://static.1k.by/images/products/ip/125/ppb/9/2699193/ic1a80f709.jpg;копир/сканер, A3, печать: лазерная черно-белая, прямая, сканер: 600x600 dpi, скорость печати: ч/б - 26 стр/мин, вывод: 250 листов
Konica Minolta bizhub 306;https://komp.1k.by//periphery-printers/konica/Konica_Minolta_bizhub_306-2699195.html;https://static.1k.by/images/products/ip/125/ppe/f/2699195/ib8dcbeaa3.jpg;копир/сканер, A3, печать: лазерная черно-белая, прямая, сканер: 600x600 dpi, скорость печати: ч/б - 30 стр/мин, вывод: 250 листов
Konica Minolta bizhub C458;https://komp.1k.by//periphery-printers/konica/Konica_Minolta_bizhub_C458-2699197.html;https://static.1k.by/images/products/ip/125/ppf/9/2699197/ice897fcd9.jpg;копир/сканер, A3, печать: лазерная цветная, прямая, 1200x1200 dpi, сканер: 600x600 dpi, скорость печати: ч/б - 45 стр/мин, цветн. - 45 стр/мин, вывод: 250 листов, airPrint
Konica Minolta bizhub C658;https://komp.1k.by//periphery-printers/konica/Konica_Minolta_bizhub_C658-2699199.html;https://static.1k.by/images/products/ip/125/pp6/b/2699199/ib23c19ad0.jpg;копир/сканер, A3, печать: лазерная цветная, прямая, 1200x1200 dpi, сканер: 600x600 dpi, скорость печати: ч/б - 65 стр/мин, цветн. - 65 стр/мин, вывод: 250 листов, airPrint
Konica Minolta bizhub C558;https://komp.1k.by//periphery-printers/konica/Konica_Minolta_bizhub_C558-2735869.html;https://static.1k.by/images/products/ip/125/ppf/c/2735869/i2d2e94e4c.jpg;копир/сканер, A3, печать: лазерная цветная, прямая, 1200x1200 dpi, сканер: 600x600 dpi, скорость печати: ч/б - 55 стр/мин, цветн. - 55 стр/мин, вывод: 250 листов, airPrint
Konica Minolta bizhub C3851;https://komp.1k.by//periphery-printers/konica/Konica_Minolta_bizhub_C3851-2885941.html;https://static.1k.by/images/products/ip/125/ppe/a/2885941/i8e256f698.jpg;копир/сканер/факс, A4, печать: лазерная цветная, 1200x1200 dpi, сканер: 600x600 dpi, скорость печати: ч/б - 38 стр/мин, цветн. - 38 стр/мин, вывод: 250 листов, airPrint
Konica Minolta bizhub C3351;https://komp.1k.by//periphery-printers/konica/Konica_Minolta_bizhub_C3351-2885943.html;https://static.1k.by/images/products/ip/125/pp1/5/2885943/idbc564926.jpg;копир/сканер, A4, печать: лазерная цветная, 1200x1200 dpi, сканер: 600x600 dpi, скорость печати: ч/б - 33 стр/мин, цветн. - 33 стр/мин, вывод: 250 листов, airPrint
Konica Minolta bizhub 308;https://komp.1k.by//periphery-printers/konica/Konica_Minolta_bizhub_308-2913147.html;https://static.1k.by/images/products/ip/125/ppe/2/2913147/i637a597bd.jpg;копир/сканер, A3, печать: лазерная черно-белая, прямая, сканер: 600x600 dpi, скорость печати: ч/б - 30 стр/мин, вывод: 250 листов, airPrint
Konica Minolta bizhub 558;https://komp.1k.by//periphery-printers/konica/Konica_Minolta_bizhub_558-2978671.html;https://static.1k.by/images/products/ip/125/pp9/5/2978671/i512d4a801.jpg;копир/сканер, A3, печать: лазерная черно-белая, прямая, сканер: 600x600 dpi, скорость печати: ч/б - 55 стр/мин, вывод: 250 листов, airPrint
Konica Minolta bizhub 658e;https://komp.1k.by//periphery-printers/konica/Konica_Minolta_bizhub_658e-3204075.html;https://static.1k.by/images/products/ip/125/ppa/2/3204075/id45dca658.jpg;копир/сканер, A3, печать: лазерная черно-белая, прямая, сканер: 600x600 dpi, скорость печати: ч/б - 65 стр/мин, вывод: 250 листов, airPrint
Konica Minolta bizhub 368e;https://komp.1k.by//periphery-printers/konica/Konica_Minolta_bizhub_368e-3253445.html;https://static.1k.by/images/products/ip/125/pp1/f/3253445/i4736b9fe9.jpg;копир/сканер, A3, печать: лазерная черно-белая, прямая, сканер: 600x600 dpi, скорость печати: ч/б - 36 стр/мин, вывод: 250 листов, airPrint
Konica Minolta bizhub 308e;https://komp.1k.by//periphery-printers/konica/Konica_Minolta_bizhub_308e-3253447.html;https://static.1k.by/images/products/ip/125/pp6/6/3253447/ic87d4dc0b.jpg;копир/сканер, A3, печать: лазерная черно-белая, прямая, сканер: 600x600 dpi, скорость печати: ч/б - 30 стр/мин, вывод: 250 листов, airPrint
Konica Minolta bizhub 458e;https://komp.1k.by//periphery-printers/konica/Konica_Minolta_bizhub_458e-3253449.html;https://static.1k.by/images/products/ip/125/pp4/3/3253449/id857197f6.jpg;копир/сканер, A3, печать: лазерная черно-белая, прямая, сканер: 600x600 dpi, скорость печати: ч/б - 45 стр/мин, вывод: 250 листов, airPrint
Konica Minolta bizhub 3622;https://komp.1k.by//periphery-printers/konica/Konica_Minolta_bizhub_3622-3260073.html;https://static.1k.by/images/products/ip/125/pp6/6/3260073/i1a4fde617.jpg;копир/сканер/факс, A4, печать: лазерная черно-белая, сканер: 600x600 dpi, скорость печати: ч/б - 36 стр/мин, вывод: 150 листов, Wi-Fi, airPrint
Konica Minolta bizhub 3602P;https://komp.1k.by//periphery-printers/konica/Konica_Minolta_bizhub_3602P-3260075.html;https://static.1k.by/images/products/ip/125/ppd/0/3260075/i98751f7eb.jpg;A4, печать: лазерная черно-белая, скорость печати: ч/б - 36 стр/мин, вывод: 150 листов, Wi-Fi, airPrint
Konica Minolta bizhub 4702P;https://komp.1k.by//periphery-printers/konica/Konica_Minolta_bizhub_4702P-3260865.html;https://static.1k.by/images/products/ip/125/ppc/9/3260865/icdc0b10a0.jpg;A4, печать: лазерная черно-белая, прямая, скорость печати: ч/б - 47 стр/мин, вывод: 150 листов, airPrint
Konica Minolta bizhub 4052;https://komp.1k.by//periphery-printers/konica/Konica_Minolta_bizhub_4052-3260867.html;https://static.1k.by/images/products/ip/125/ppb/7/3260867/i7ddd1812c.jpg;копир/сканер, A4, печать: лазерная черно-белая, сканер: 600x600 dpi, скорость печати: ч/б - 40 стр/мин, вывод: 250 листов, airPrint
Konica Minolta bizhub 4422;https://komp.1k.by//periphery-printers/konica/Konica_Minolta_bizhub_4422-3260871.html;https://static.1k.by/images/products/ip/125/ppa/e/3260871/icdf249b21.jpg;копир/сканер/факс, A4, печать: лазерная черно-белая, прямая, сканер: 600x600 dpi, скорость печати: ч/б - 44 стр/мин, вывод: 150 листов, airPrint
Konica Minolta bizhub 4752;https://komp.1k.by//periphery-printers/konica/Konica_Minolta_bizhub_4752-3260873.html;https://static.1k.by/images/products/ip/125/pp6/9/3260873/i37068673c.jpg;копир/сканер, A4, печать: лазерная черно-белая, сканер: 600x600 dpi, скорость печати: ч/б - 47 стр/мин, вывод: 250 листов, airPrint
Konica Minolta AccurioPrint C3070L;https://komp.1k.by//periphery-printers/konica/Konica_Minolta_AccurioPrint_C3070L-3909589.html;https://static.1k.by/images/products/ip/125/ppb/9/3909589/ifdfc7d9d3.jpg;копир/сканер, A3, печать: лазерная цветная, 1200x1200 dpi, сканер: 600x600 dpi, скорость печати: ч/б - 71 стр/мин, цветн. - 71 стр/мин, вывод: 3100 листов
Konica 7013;https://komp.1k.by//periphery-printers/konica/Konica_7013-87948.html;https://static.1k.by/images/products/ip/125/p90000/pa/4/87948/m658279dc8.jpg;копир/сканер/факс, A4, печать: лазерная черно-белая, скорость печати: ч/б - 13 стр/мин, вывод: 300 листов
Konica 7130;https://komp.1k.by//periphery-printers/konica/Konica_7130-87949.html;https://static.1k.by/images/products/ip/125/p90000/p6/2/87949/m32fac44cb.jpg;копир/сканер/факс, A3, печать: лазерная черно-белая, скорость печати: ч/б - 30 стр/мин, вывод: 100 листов
Konica Minolta magicolor 5670EN;https://komp.1k.by//periphery-printers/konica/Konica_Minolta_magicolor_5670EN_MPC-211342.html;https://static.1k.by/images/products/ip/125/p220000/p5/e/211342/ic5f9663ae.jpg;A4, печать: лазерная цветная, прямая, скорость печати: ч/б - 35 стр/мин, цветн. - 35 стр/мин, вывод: 250 листов
Konica Minolta bizhub PRO 920;https://komp.1k.by//periphery-printers/konica/Konica_Minolta_bizhub_PRO_920-218235.html;https://static.1k.by/images/products/ip/125/p220000/pb/1/218235/i0ada257bf.jpg;копир/сканер, A3, печать: лазерная черно-белая, сканер: 600x600 dpi, скорость печати: ч/б - 92 стр/мин, вывод: 3200 листов
Konica Minolta magicolor 1650EN;https://komp.1k.by//periphery-printers/konica/Konica_Minolta_magicolor_1650EN-218238.html;https://static.1k.by/images/products/ip/125/p220000/p6/f/218238/iff1c42058.jpg;A4, печать: лазерная цветная, 600x600 dpi, скорость печати: ч/б - 20 стр/мин, цветн. - 5 стр/мин, вывод: 100 листов
Konica Minolta magicolor 1650EN-d;https://komp.1k.by//periphery-printers/konica/Konica_Minolta_magicolor_1650EN_d-218239.html;https://static.1k.by/images/products/ip/125/p220000/p9/a/218239/i2e5972b7e.jpg;A4, печать: лазерная цветная, 600x600 dpi, скорость печати: ч/б - 20 стр/мин, цветн. - 5 стр/мин, вывод: 100 листов
Konica Minolta magicolor 1650EN-dt;https://komp.1k.by//periphery-printers/konica/Konica_Minolta_magicolor_1650EN_dt-218240.html;https://static.1k.by/images/products/ip/125/p220000/pa/d/218240/i95ab0e0d7.jpg;A4, печать: лазерная цветная, 600x600 dpi, скорость печати: ч/б - 20 стр/мин, цветн. - 5 стр/мин, вывод: 100 листов
Konica Minolta magicolor 1690MF;https://komp.1k.by//periphery-printers/konica/Konica_Minolta_magicolor_1690MF-218242.html;https://static.1k.by/images/products/ip/125/p220000/p3/d/218242/i6389d7d70.jpg;копир/сканер/факс, A4, печать: лазерная цветная, 1200x600 dpi, сканер: 600x600 dpi, скорость печати: ч/б - 20 стр/мин, цветн. - 5 стр/мин, вывод: 100 листов
Konica Minolta magicolor 1690MF-d;https://komp.1k.by//periphery-printers/konica/Konica_Minolta_magicolor_1690MF_d-218243.html;https://static.1k.by/images/products/ip/125/p220000/p0/4/218243/i069bf6e8c.jpeg;копир/сканер/факс, A4, печать: лазерная цветная, 1200x600 dpi, сканер: 600x600 dpi, скорость печати: ч/б - 20 стр/мин, цветн. - 5 стр/мин, вывод: 100 листов
Konica Minolta magicolor 1690MF-dt;https://komp.1k.by//periphery-printers/konica/Konica_Minolta_magicolor_1690MF_dt-218244.html;https://static.1k.by/images/products/ip/125/p220000/p9/3/218244/if0f7c6d6c.jpg;копир/сканер/факс, A4, печать: лазерная цветная, 1200x600 dpi, сканер: 600x600 dpi, скорость печати: ч/б - 20 стр/мин, цветн. - 5 стр/мин, вывод: 100 листов
Konica Minolta magicolor 2430DL;https://komp.1k.by//periphery-printers/konica/Konica_Minolta_magicolor_2430DL-218246.html;https://static.1k.by/images/products/ip/125/p220000/p7/f/218246/i68b1138c7.jpg;A4, печать: лазерная цветная, прямая, 2400x600 dpi, скорость печати: ч/б - 20 стр/мин, цветн. - 5 стр/мин, вывод: 200 листов
Konica Minolta magicolor 2450;https://komp.1k.by//periphery-printers/konica/Konica_Minolta_magicolor_2450-218247.html;https://static.1k.by/images/products/ip/125/p220000/pd/8/218247/i88f0dde75.jpg;A4, печать: лазерная цветная, 600x600 dpi, скорость печати: ч/б - 20 стр/мин, цветн. - 5 стр/мин, вывод: 200 листов
Konica Minolta magicolor 2500W;https://komp.1k.by//periphery-printers/konica/Konica_Minolta_magicolor_2500W-218248.html;https://static.1k.by/images/products/ip/125/p220000/p7/5/218248/i908856f4f.jpg;A4, печать: лазерная цветная, 2400x600 dpi, скорость печати: ч/б - 20 стр/мин, цветн. - 5 стр/мин, вывод: 200 листов
Konica Minolta magicolor 2530DL;https://komp.1k.by//periphery-printers/konica/Konica_Minolta_magicolor_2530DL-218249.html;https://static.1k.by/images/products/ip/125/p220000/pf/1/218249/i83081dde0.jpg;A4, печать: лазерная цветная, прямая, 2400x600 dpi, скорость печати: ч/б - 20 стр/мин, цветн. - 5 стр/мин, вывод: 200 листов
Konica Minolta magicolor 2550;https://komp.1k.by//periphery-printers/konica/Konica_Minolta_magicolor_2550-218250.html;https://static.1k.by/images/products/ip/125/p220000/p9/0/218250/i5fa06516f.jpg;A4, печать: лазерная цветная, 600x600 dpi, скорость печати: ч/б - 20 стр/мин, цветн. - 5 стр/мин, вывод: 200 листов
Konica Minolta magicolor 2590MF;https://komp.1k.by//periphery-printers/konica/Konica_Minolta_magicolor_2590MF-218252.html;https://static.1k.by/images/products/ip/125/p220000/p6/1/218252/iab9d72bc4.jpg;копир/сканер/факс, A4, печать: лазерная цветная, прямая, 2400x600 dpi, сканер: 600x600 dpi, скорость печати: ч/б - 20 стр/мин, цветн. - 5 стр/мин, вывод: 100 листов
Konica Minolta magicolor 5670EN-dthf;https://komp.1k.by//periphery-printers/konica/Konica_Minolta_magicolor_5670EN_dthf-218837.html;https://static.1k.by/images/products/ip/125/p220000/p4/b/218837/i366452f6d.jpg;A4, печать: лазерная цветная, прямая, скорость печати: ч/б - 35 стр/мин, цветн. - 35 стр/мин, вывод: 850 листов
Konica Minolta magicolor 7300;https://komp.1k.by//periphery-printers/konica/Konica_Minolta_magicolor_7300-218838.html;https://static.1k.by/images/products/ip/125/p220000/p5/1/218838/i3ef0e43de.jpg;A3, печать: лазерная цветная, прямая, 9600x600 dpi, скорость печати: ч/б - 20 стр/мин, цветн. - 20 стр/мин, вывод: 250 листов
Konica Minolta magicolor 7450;https://komp.1k.by//periphery-printers/konica/Konica_Minolta_magicolor_7450-218839.html;https://static.1k.by/images/products/ip/125/p220000/p4/c/218839/i85d02d39f.jpg;A3, печать: лазерная цветная, прямая, 800x600 dpi, скорость печати: ч/б - 25 стр/мин, цветн. - 25 стр/мин, вывод: 350 листов
Konica Minolta Di1611;https://komp.1k.by//periphery-printers/konica/Konica_Minolta_Di1611-219103.html;https://static.1k.by/images/products/ip/125/p220000/p3/e/219103/i8269e2b5a.jpg;копир/сканер, A3, печать: лазерная черно-белая, сканер: 600x600 dpi, скорость печати: ч/б - 16 стр/мин, вывод: 250 листов
Konica Minolta Di2011;https://komp.1k.by//periphery-printers/konica/Konica_Minolta_Di2011-219104.html;https://static.1k.by/images/products/ip/125/p220000/p0/2/219104/i5368d2c8d.jpg;копир/сканер, A3, печать: лазерная черно-белая, сканер: 600x600 dpi, скорость печати: ч/б - 20 стр/мин, вывод: 250 листов
Konica Minolta Di2510;https://komp.1k.by//periphery-printers/konica/Konica_Minolta_Di2510-219105.html;https://static.1k.by/images/products/ip/125/p220000/p9/8/219105/i6bc0c09ab.jpg;копир/сканер, A3, печать: твердочернильная черно-белая, сканер: 600x600 dpi, скорость печати: ч/б - 25 стр/мин, вывод: 1200 листов
Konica Minolta Di2510f;https://komp.1k.by//periphery-printers/konica/Konica_Minolta_Di2510f-219106.html;https://static.1k.by/images/products/ip/125/p220000/p2/d/219106/i02a75a79c.jpg;копир/сканер/факс, A3, печать: твердочернильная черно-белая, сканер: 600x600 dpi, скорость печати: ч/б - 25 стр/мин, вывод: 1200 листов
Konica Minolta Di3010;https://komp.1k.by//periphery-printers/konica/Konica_Minolta_Di3010-219107.html;https://static.1k.by/images/products/ip/125/p220000/p8/2/219107/i05e433a11.jpg;копир/сканер, A3, печать: лазерная черно-белая, сканер: 600x600 dpi, скорость печати: ч/б - 30 стр/мин, вывод: 600 листов
Konica Minolta Di5510;https://komp.1k.by//periphery-printers/konica/Konica_Minolta_Di5510-219109.html;https://static.1k.by/images/products/ip/125/p220000/pc/7/219109/i98641d28a.jpg;копир/сканер, A3, печать: лазерная черно-белая, скорость печати: ч/б - 55 стр/мин, Wi-Fi
Konica Minolta Di7210;https://komp.1k.by//periphery-printers/konica/Konica_Minolta_Di7210-219110.html;https://static.1k.by/images/products/ip/125/p220000/pd/d/219110/i891e77518.jpg;копир/сканер, A3, печать: лазерная черно-белая, сканер: 600x600 dpi, скорость печати: ч/б - 65 стр/мин, вывод: 3000 листов
Konica Minolta Magicolor 2480MF;https://komp.1k.by//periphery-printers/konica/Konica_Minolta_Magicolor_2480MF-219111.html;https://static.1k.by/images/products/ip/125/p220000/p4/5/219111/i0334f3168.jpeg;копир/сканер, A4, печать: лазерная цветная, прямая, 2400x600 dpi, сканер: 600x600 dpi, скорость печати: ч/б - 20 стр/мин, цветн. - 5 стр/мин, вывод: 100 листов
Konica Minolta Magicolor 2490MF;https://komp.1k.by//periphery-printers/konica/Konica_Minolta_Magicolor_2490MF-219112.html;https://static.1k.by/images/products/ip/125/p220000/pb/0/219112/i63c247cc2.jpg;копир/сканер/факс, A4, печать: лазерная цветная, прямая, 2400x600 dpi, сканер: 600x600 dpi, скорость печати: ч/б - 20 стр/мин, цветн. - 5 стр/мин, вывод: 100 листов
Konica Minolta PagePro 1300W;https://komp.1k.by//periphery-printers/konica/Konica_Minolta_PagePro_1300W-219113.html;https://static.1k.by/images/products/ip/125/p220000/pc/7/219113/i7ac8081a7.jpg;A4, печать: лазерная черно-белая, скорость печати: ч/б - 16 стр/мин, вывод: 50 листов
Konica Minolta PagePro 1350E;https://komp.1k.by//periphery-printers/konica/Konica_Minolta_PagePro_1350E-219114.html;https://static.1k.by/images/products/ip/125/p220000/p7/8/219114/i34ad1686c.jpeg;A4, печать: лазерная черно-белая, скорость печати: ч/б - 20 стр/мин, вывод: 100 листов
Konica Minolta PagePro 1350EN;https://komp.1k.by//periphery-printers/konica/Konica_Minolta_PagePro_1350EN-219115.html;https://static.1k.by/images/products/ip/125/p220000/p3/5/219115/i6f48ef02c.jpg;A4, печать: лазерная черно-белая, скорость печати: ч/б - 20 стр/мин, вывод: 100 листов
Konica Minolta PagePro 1390MF;https://komp.1k.by//periphery-printers/konica/Konica_Minolta_PagePro_1390MF-219118.html;https://static.1k.by/images/products/ip/125/p220000/pa/2/219118/ic78a32b05.jpg;копир/сканер/факс, A4, печать: лазерная черно-белая, сканер: 1200x1200 dpi, скорость печати: ч/б - 20 стр/мин, вывод: 100 листов
Konica Minolta PagePro 4650EN;https://komp.1k.by//periphery-printers/konica/Konica_Minolta_PagePro_4650EN-219120.html;https://static.1k.by/images/products/ip/125/p220000/pb/9/219120/i70c1ef5d6.jpg;A4, печать: лазерная черно-белая, прямая, скорость печати: ч/б - 34 стр/мин, вывод: 500 листов
Konica Minolta PagePro 9100;https://komp.1k.by//periphery-printers/konica/Konica_Minolta_PagePro_9100-219122.html;https://static.1k.by/images/products/ip/125/p220000/p5/d/219122/i5dd4d4639.jpg;A3, печать: лазерная черно-белая, прямая, скорость печати: ч/б - 35 стр/мин, вывод: 500 листов
Konica Minolta 4060;https://komp.1k.by//periphery-printers/konica/Konica_Minolta_4060-219350.html;https://static.1k.by/images/products/ip/125/p220000/p4/3/219350/i754aa4382.jpg;A3, печать: лазерная черно-белая, скорость печати: ч/б - 20 стр/мин, вывод: 500 листов
Konica Minolta Di1610P;https://komp.1k.by//periphery-printers/konica/Konica_Minolta_Di1610P-219352.html;https://static.1k.by/images/products/ip/125/p220000/p6/3/219352/ic27b4e3ee.jpg;копир/сканер, A4, печать: лазерная черно-белая, сканер: 600x600 dpi, скорость печати: ч/б - 16 стр/мин, вывод: 100 листов
Konica Minolta ScanCopy 3300;https://komp.1k.by//periphery-printers/konica/Konica_Minolta_ScanCopy_3300-219555.html;https://static.1k.by/images/products/ip/125/p220000/p9/9/219555/i4e08059a6.jpg;копир/сканер, A4, печать: лазерная цветная, 1200x1200 dpi, скорость печати: ч/б - 24 стр/мин, цветн. - 24 стр/мин, вывод: 250 листов
Konica Minolta bizhub 130f;https://komp.1k.by//periphery-printers/konica/Konica_Minolta_bizhub_130f-219556.html;https://static.1k.by/images/products/ip/125/p220000/p1/4/219556/ibae9c747b.jpg;копир/сканер/факс, A4, печать: светодиодная черно-белая, сканер: 600x600 dpi, скорость печати: ч/б - 13 стр/мин, вывод: 250 листов
Konica Minolta bizhub 131f;https://komp.1k.by//periphery-printers/konica/Konica_Minolta_bizhub_131f-219557.html;https://static.1k.by/images/products/ip/125/p220000/pf/2/219557/i30691ca5b.jpeg;копир/сканер/факс, A4, печать: светодиодная черно-белая, сканер: 600x600 dpi, скорость печати: ч/б - 13 стр/мин, вывод: 250 листов
Konica Minolta bizhub 160;https://komp.1k.by//periphery-printers/konica/Konica_Minolta_bizhub_160-219558.html;https://static.1k.by/images/products/ip/125/p220000/p8/4/219558/if59e3c175.jpg;копир/сканер, A4, печать: лазерная черно-белая, сканер: 600x600 dpi, скорость печати: ч/б - 16 стр/мин, вывод: 100 листов
Konica Minolta bizhub 160f;https://komp.1k.by//periphery-printers/konica/Konica_Minolta_bizhub_160f-219559.html;https://static.1k.by/images/products/ip/125/p220000/pc/c/219559/i32932f6f4.jpg;копир/сканер/факс, A4, печать: лазерная черно-белая, сканер: 600x600 dpi, скорость печати: ч/б - 16 стр/мин, вывод: 100 листов
Konica Minolta bizhub 161;https://komp.1k.by//periphery-printers/konica/Konica_Minolta_bizhub_161-219560.html;https://static.1k.by/images/products/ip/125/p220000/p6/6/219560/ia085c590d.jpg;копир/сканер, A4, печать: лазерная черно-белая, сканер: 600x600 dpi, скорость печати: ч/б - 16 стр/мин, вывод: 100 листов
Konica Minolta bizhub 190f;https://komp.1k.by//periphery-printers/konica/Konica_Minolta_bizhub_190f-219563.html;https://static.1k.by/images/products/ip/125/p220000/p7/f/219563/ic8ad8e93c.jpeg;копир/сканер/факс, A4, печать: светодиодная черно-белая, сканер: 600x600 dpi, скорость печати: ч/б - 19 стр/мин, вывод: 250 листов
Konica Minolta bizhub 222;https://komp.1k.by//periphery-printers/konica/Konica_Minolta_bizhub_222-219566.html;https://static.1k.by/images/products/ip/125/p220000/p8/b/219566/idcca08ae2.jpeg;копир/сканер, A3, печать: лазерная черно-белая, сканер: 600x600 dpi, скорость печати: ч/б - 22 стр/мин, вывод: 200 листов
Konica Minolta bizhub 350;https://komp.1k.by//periphery-printers/konica/Konica_Minolta_bizhub_350-219569.html;https://static.1k.by/images/products/ip/125/p220000/pf/d/219569/id75f4501b.jpg;копир/сканер, A3, печать: лазерная черно-белая, сканер: 600x600 dpi, скорость печати: ч/б - 35 стр/мин, вывод: 1200 листов
Konica Minolta bizhub 361;https://komp.1k.by//periphery-printers/konica/Konica_Minolta_bizhub_361-219570.html;https://static.1k.by/images/products/ip/125/p220000/p4/e/219570/ief6346800.jpeg;копир/сканер/факс, A3, печать: лазерная черно-белая, прямая, сканер: 600x600 dpi, скорость печати: ч/б - 36 стр/мин
Konica Minolta bizhub 362;https://komp.1k.by//periphery-printers/konica/Konica_Minolta_bizhub_362-219571.html;https://static.1k.by/images/products/ip/125/p220000/p5/d/219571/ibca60e7ed.jpg;копир/сканер, A3, печать: лазерная черно-белая, сканер: 600x600 dpi, скорость печати: ч/б - 36 стр/мин, вывод: 200 листов
Konica Minolta bizhub 420;https://komp.1k.by//periphery-printers/konica/Konica_Minolta_bizhub_420-219572.html;https://static.1k.by/images/products/ip/125/p220000/p8/b/219572/i6ee46a0ad.jpg;копир/сканер, A3, печать: лазерная черно-белая, сканер: 600x600 dpi, скорость печати: ч/б - 42 стр/мин
Konica Minolta bizhub 500;https://komp.1k.by//periphery-printers/konica/Konica_Minolta_bizhub_500-219574.html;https://static.1k.by/images/products/ip/125/p220000/pb/5/219574/ia70c8f508.jpg;копир/сканер, A3, печать: лазерная черно-белая, сканер: 600x600 dpi, скорость печати: ч/б - 50 стр/мин, вывод: 3250 листов
Konica Minolta bizhub 501;https://komp.1k.by//periphery-printers/konica/Konica_Minolta_bizhub_501-219669.html;https://static.1k.by/images/products/ip/125/p220000/p0/1/219669/ib6976304d.jpg;копир/сканер/факс, A3, печать: лазерная черно-белая, прямая, сканер: 600x600 dpi, скорость печати: ч/б - 50 стр/мин
Konica Minolta bizhub 600;https://komp.1k.by//periphery-printers/konica/Konica_Minolta_bizhub_600-219670.html;https://static.1k.by/images/products/ip/125/p220000/pc/7/219670/i32d045e1d.jpg;копир/сканер, A3, печать: лазерная черно-белая, сканер: 600x600 dpi, скорость печати: ч/б - 60 стр/мин, вывод: 3200 листов
Konica Minolta bizhub 750;https://komp.1k.by//periphery-printers/konica/Konica_Minolta_bizhub_750-219672.html;https://static.1k.by/images/products/ip/125/p220000/pf/e/219672/i9c9169735.jpeg;копир/сканер, A3, печать: лазерная черно-белая, сканер: 600x600 dpi, скорость печати: ч/б - 75 стр/мин, вывод: 3200 листов
Konica Minolta bizhub 751;https://komp.1k.by//periphery-printers/konica/Konica_Minolta_bizhub_751-219673.html;https://static.1k.by/images/products/ip/125/p220000/pf/5/219673/idfdf689ed.jpg;копир/сканер/факс, A3, печать: лазерная черно-белая, прямая, сканер: 600x600 dpi, скорость печати: ч/б - 75 стр/мин
Konica Minolta bizhub C20;https://komp.1k.by//periphery-printers/konica/Konica_Minolta_bizhub_C20-219674.html;https://static.1k.by/images/products/ip/125/p220000/p4/5/219674/ic8f9d1008.jpg;копир/сканер/факс, A4, печать: лазерная цветная, прямая, 600x600 dpi, сканер: 600x600 dpi, скорость печати: ч/б - 24 стр/мин, цветн. - 24 стр/мин, вывод: 250 листов
Konica Minolta bizhub C250P;https://komp.1k.by//periphery-printers/konica/Konica_Minolta_bizhub_C250P-219678.html;https://static.1k.by/images/products/ip/125/p220000/p7/5/219678/i6e49c1d33.jpg;A3, печать: лазерная цветная, 600x1800 dpi, скорость печати: ч/б - 25 стр/мин, цветн. - 25 стр/мин, вывод: 1250 листов
Konica Minolta bizhub C252P;https://komp.1k.by//periphery-printers/konica/Konica_Minolta_bizhub_C252P-219680.html;https://static.1k.by/images/products/ip/125/p220000/pa/0/219680/i81863ada7.jpg;A3, печать: лазерная цветная, 1800x600 dpi, скорость печати: ч/б - 25 стр/мин, цветн. - 25 стр/мин, вывод: 1200 листов
Konica Minolta bizhub C253;https://komp.1k.by//periphery-printers/konica/Konica_Minolta_bizhub_C253-219681.html;https://static.1k.by/images/products/ip/125/p220000/p6/7/219681/i6d436dc7c.jpg;копир/сканер, A3, печать: лазерная цветная, прямая, 1800x600 dpi, сканер: 600x600 dpi, скорость печати: ч/б - 25 стр/мин, цветн. - 25 стр/мин, вывод: 1200 листов
Konica Minolta bizhub C300;https://komp.1k.by//periphery-printers/konica/Konica_Minolta_bizhub_C300-219682.html;https://static.1k.by/images/products/ip/125/p220000/p6/4/219682/i804014591.jpg;копир/сканер, A3, печать: лазерная цветная, прямая, 1800x600 dpi, сканер: 600x600 dpi, скорость печати: ч/б - 30 стр/мин, цветн. - 30 стр/мин, вывод: 1200 листов
Konica Minolta bizhub C350;https://komp.1k.by//periphery-printers/konica/Konica_Minolta_bizhub_C350-219683.html;https://static.1k.by/images/products/ip/125/p220000/pf/8/219683/i479a14e40.jpg;копир/сканер, A3, печать: лазерная цветная, скорость печати: ч/б - 35 стр/мин, цветн. - 35 стр/мин, вывод: 1350 листов
Konica Minolta bizhub C352;https://komp.1k.by//periphery-printers/konica/Konica_Minolta_bizhub_C352-219684.html;https://static.1k.by/images/products/ip/125/p220000/p5/f/219684/i830a29927.jpg;копир/сканер, A3, печать: лазерная цветная, прямая, 1800x600 dpi, сканер: 600x600 dpi, скорость печати: ч/б - 35 стр/мин, цветн. - 35 стр/мин, вывод: 1200 листов
Konica Minolta bizhub C352P;https://komp.1k.by//periphery-printers/konica/Konica_Minolta_bizhub_C352P-219685.html;https://static.1k.by/images/products/ip/125/p220000/p8/f/219685/id042b5689.jpg;копир/сканер, A3, печать: лазерная цветная, прямая, 1800x600 dpi, сканер: 600x600 dpi, скорость печати: ч/б - 35 стр/мин, цветн. - 35 стр/мин, вывод: 1200 листов
Konica Minolta bizhub C450P;https://komp.1k.by//periphery-printers/konica/Konica_Minolta_bizhub_C450P-219688.html;https://static.1k.by/images/products/ip/125/p220000/pe/d/219688/ib1081d537.jpg;A3, печать: светодиодная цветная, 600x1800 dpi, скорость печати: ч/б - 45 стр/мин, цветн. - 35 стр/мин, вывод: 1200 листов
Konica Minolta magicolor 3300;https://komp.1k.by//periphery-printers/konica/Konica_Minolta_magicolor_3300-220167.html;https://static.1k.by/images/products/ip/125/p230000/p0/b/220167/i19dd1243d.jpg;A4, печать: лазерная цветная, 1200x1200 dpi, скорость печати: ч/б - 24 стр/мин, цветн. - 24 стр/мин, вывод: 100 листов
Konica Minolta magicolor 4650DN;https://komp.1k.by//periphery-printers/konica/Konica_Minolta_magicolor_4650DN-220168.html;https://static.1k.by/images/products/ip/125/p230000/p9/9/220168/i6bdd600da.jpeg;A4, печать: лазерная цветная, прямая, 9600x600 dpi, скорость печати: ч/б - 25 стр/мин, цветн. - 25 стр/мин, вывод: 200 листов
Konica Minolta magicolor 4650EN;https://komp.1k.by//periphery-printers/konica/Konica_Minolta_magicolor_4650EN-220169.html;https://static.1k.by/images/products/ip/125/p230000/p7/e/220169/ic9df650a6.jpg;A4, печать: лазерная цветная, прямая, 9600x600 dpi, скорость печати: ч/б - 25 стр/мин, цветн. - 25 стр/мин, вывод: 200 листов
Konica Minolta magicolor 4690MF;https://komp.1k.by//periphery-printers/konica/Konica_Minolta_magicolor_4690MF-220170.html;https://static.1k.by/images/products/ip/125/p230000/p2/0/220170/iceed378b7.jpeg;копир/сканер/факс, A4, печать: лазерная цветная, 2400x600 dpi, сканер: 600x600 dpi, скорость печати: ч/б - 24 стр/мин, цветн. - 24 стр/мин, вывод: 250 листов
Konica Minolta magicolor 4695MF;https://komp.1k.by//periphery-printers/konica/Konica_Minolta_magicolor_4695MF-220171.html;https://static.1k.by/images/products/ip/125/p230000/pe/d/220171/i970a46628.jpg;копир/сканер/факс, A4, печать: лазерная цветная, прямая, 600x600 dpi, сканер: 600x600 dpi, скорость печати: ч/б - 24 стр/мин, цветн. - 24 стр/мин, вывод: 250 листов
Konica Minolta magicolor 5430DL;https://komp.1k.by//periphery-printers/konica/Konica_Minolta_magicolor_5430DL-220172.html;https://static.1k.by/images/products/ip/125/p230000/p6/b/220172/i35f6dc7e9.jpg;A4, печать: лазерная цветная, 2400x600 dpi, скорость печати: ч/б - 20 стр/мин, цветн. - 20 стр/мин, вывод: 250 листов
Konica Minolta magicolor 5430DLD;https://komp.1k.by//periphery-printers/konica/Konica_Minolta_magicolor_5430DLD-220173.html;https://static.1k.by/images/products/ip/125/p230000/pa/5/220173/i854d64ae0.jpg;A4, печать: лазерная цветная, 2400x600 dpi, скорость печати: ч/б - 20 стр/мин, цветн. - 20 стр/мин, вывод: 250 листов
Konica Minolta magicolor 5430DLX;https://komp.1k.by//periphery-printers/konica/Konica_Minolta_magicolor_5430DLX-220174.html;https://static.1k.by/images/products/ip/125/p230000/p0/3/220174/i9c82614f9.jpg;A4, печать: лазерная цветная, 2400x600 dpi, скорость печати: ч/б - 20 стр/мин, цветн. - 20 стр/мин, вывод: 250 листов
Konica Minolta magicolor 5440DL;https://komp.1k.by//periphery-printers/konica/Konica_Minolta_magicolor_5440DL-220175.html;https://static.1k.by/images/products/ip/125/p230000/p7/b/220175/ib4c80f2c9.jpg;A4, печать: лазерная цветная, 2400x600 dpi, скорость печати: ч/б - 25.6 стр/мин, цветн. - 25.6 стр/мин, вывод: 250 листов
Konica Minolta magicolor 5440DLD;https://komp.1k.by//periphery-printers/konica/Konica_Minolta_magicolor_5440DLD-220176.html;https://static.1k.by/images/products/ip/125/p230000/pc/1/220176/ief163ece6.jpg;A4, печать: лазерная цветная, прямая, 2400x600 dpi, скорость печати: ч/б - 27 стр/мин, цветн. - 27 стр/мин, вывод: 250 листов
Konica Minolta magicolor 5440DLX;https://komp.1k.by//periphery-printers/konica/Konica_Minolta_magicolor_5440DLX-220177.html;https://static.1k.by/images/products/ip/125/p230000/pf/1/220177/i65bab6aea.jpg;A4, печать: лазерная цветная, прямая, 2400x600 dpi, скорость печати: ч/б - 27 стр/мин, цветн. - 27 стр/мин, вывод: 250 листов
Konica Minolta magicolor 5450;https://komp.1k.by//periphery-printers/konica/Konica_Minolta_magicolor_5450-220178.html;https://static.1k.by/images/products/ip/125/p230000/pd/a/220178/ife31812cb.jpg;A4, печать: лазерная цветная, прямая, 600x600 dpi, скорость печати: ч/б - 25 стр/мин, цветн. - 25 стр/мин, вывод: 250 листов
Konica Minolta magicolor 5450D;https://komp.1k.by//periphery-printers/konica/Konica_Minolta_magicolor_5450D-220179.html;https://static.1k.by/images/products/ip/125/p230000/p8/8/220179/i4dc6d1cfb.jpg;A4, печать: лазерная цветная, прямая, 600x600 dpi, скорость печати: ч/б - 25 стр/мин, цветн. - 25 стр/мин, вывод: 250 листов
Konica Minolta magicolor 5450DX;https://komp.1k.by//periphery-printers/konica/Konica_Minolta_magicolor_5450DX-220180.html;https://static.1k.by/images/products/ip/125/p230000/p9/3/220180/iff92a5824.jpg;A4, печать: лазерная цветная, прямая, 600x600 dpi, скорость печати: ч/б - 25 стр/мин, цветн. - 25 стр/мин, вывод: 250 листов
Konica Minolta magicolor 5550;https://komp.1k.by//periphery-printers/konica/Konica_Minolta_magicolor_5550-220181.html;https://static.1k.by/images/products/ip/125/p230000/pf/3/220181/ib9291cae4.jpg;A4, печать: лазерная цветная, прямая, 600x600 dpi, скорость печати: ч/б - 30 стр/мин, цветн. - 25.6 стр/мин, вывод: 250 листов
Konica Minolta magicolor 5570;https://komp.1k.by//periphery-printers/konica/Konica_Minolta_magicolor_5570-220182.html;https://static.1k.by/images/products/ip/125/p230000/p1/d/220182/if3a1ef5f2.jpg;A4, печать: лазерная цветная, прямая, 600x600 dpi, скорость печати: ч/б - 35 стр/мин, цветн. - 30 стр/мин, вывод: 250 листов
Konica Minolta magicolor 5650EN-d;https://komp.1k.by//periphery-printers/konica/Konica_Minolta_magicolor_5650EN_d-220183.html;https://static.1k.by/images/products/ip/125/p230000/pc/c/220183/ic83095729.jpg;A4, печать: лазерная цветная, прямая, скорость печати: ч/б - 30 стр/мин, цветн. - 30 стр/мин, вывод: 250 листов
Konica Minolta magicolor 5670EN;https://komp.1k.by//periphery-printers/konica/Konica_Minolta_magicolor_5670EN-220184.html;https://static.1k.by/images/products/ip/125/p230000/p7/2/220184/ia345e6ae8.jpg;A4, печать: лазерная цветная, прямая, скорость печати: ч/б - 35 стр/мин, цветн. - 35 стр/мин, вывод: 250 листов
Konica Minolta magicolor 5670EN-d;https://komp.1k.by//periphery-printers/konica/Konica_Minolta_magicolor_5670EN_d-220185.html;https://static.1k.by/images/products/ip/125/p230000/p5/2/220185/ibfab48226.jpg;A4, печать: лазерная цветная, прямая, скорость печати: ч/б - 35 стр/мин, цветн. - 35 стр/мин, вывод: 250 листов
Konica Minolta magicolor 5670EN-dth;https://komp.1k.by//periphery-printers/konica/Konica_Minolta_magicolor_5670EN_dth-220186.html;https://static.1k.by/images/products/ip/125/p230000/p3/e/220186/i5a314f545.jpg;A4, печать: лазерная цветная, прямая, скорость печати: ч/б - 35 стр/мин, цветн. - 35 стр/мин, вывод: 250 листов
Konica Minolta magicolor 5650EN;https://komp.1k.by//periphery-printers/konica/Konica_Minolta_magicolor_5650EN-231118.html;https://static.1k.by/images/products/ip/125/p240000/p2/2/231118/i47c20305a.jpg;A4, печать: лазерная цветная, прямая, скорость печати: ч/б - 30 стр/мин, цветн. - 30 стр/мин, вывод: 250 листов
Konica Minolta bizhub C552;https://komp.1k.by//periphery-printers/konica/Konica_Minolta_bizhub_C552-262159.html;https://static.1k.by/images/products/ip/125/p270000/p9/5/262159/ic44f6e31e.jpg;копир/сканер, A3, печать: лазерная цветная, 1800x600 dpi, сканер: 600x600 dpi, скорость печати: ч/б - 55 стр/мин, цветн. - 45 стр/мин
Konica Minolta bizhub C652;https://komp.1k.by//periphery-printers/konica/Konica_Minolta_bizhub_C652-262160.html;https://static.1k.by/images/products/ip/125/p270000/pf/5/262160/i60bb72d81.jpg;копир/сканер, A3, печать: лазерная цветная, 1800x600 dpi, сканер: 600x600 dpi, скорость печати: ч/б - 65 стр/мин, цветн. - 50 стр/мин
Konica Minolta bizhub 40P;https://komp.1k.by//periphery-printers/konica/Konica_Minolta_bizhub_40P-279470.html;https://static.1k.by/images/products/ip/125/p280000/p2/c/279470/i5e993edc6.jpg;A4, печать: лазерная черно-белая, прямая, скорость печати: ч/б - 43 стр/мин, вывод: 570 листов
Konica Minolta bizhub C10P;https://komp.1k.by//periphery-printers/konica/Konica_Minolta_bizhub_C10P-279829.html;https://static.1k.by/images/products/ip/125/p280000/pf/7/279829/ifc000b11e.jpg;A4, печать: лазерная цветная, 600x600 dpi, скорость печати: ч/б - 20 стр/мин, цветн. - 5 стр/мин, вывод: 200 листов
Konica Minolta bizhub C20P;https://komp.1k.by//periphery-printers/konica/Konica_Minolta_bizhub_C20P-279830.html;https://static.1k.by/images/products/ip/125/p280000/p7/8/279830/if813c0df4.jpg;A4, печать: лазерная цветная, прямая, 600x600 dpi, скорость печати: ч/б - 24 стр/мин, цветн. - 24 стр/мин, вывод: 200 листов
Konica Minolta bizhub C30P;https://komp.1k.by//periphery-printers/konica/Konica_Minolta_bizhub_C30P-279843.html;https://static.1k.by/images/products/ip/125/p280000/pe/6/279843/i6a4db8136.jpg;A4, печать: лазерная цветная, прямая, 600x600 dpi, скорость печати: ч/б - 35 стр/мин, цветн. - 30 стр/мин, вывод: 250 листов
Konica Minolta bizhub C31P;https://komp.1k.by//periphery-printers/konica/Konica_Minolta_bizhub_C31P-279844.html;https://static.1k.by/images/products/ip/125/p280000/p1/2/279844/ia69f9384d.jpg;A4 цветная, прямая, 600x600 dpi, скорость печати: ч/б - 35 стр/мин, цветн. - 35 стр/мин, вывод: 250 листов
Konica Minolta magicolor 5550d;https://komp.1k.by//periphery-printers/konica/Konica_Minolta_magicolor_5550d-349350.html;https://static.1k.by/images/products/ip/125/p350000/pe/b/349350/i0e06ca57b.jpg;A4, печать: лазерная цветная, прямая, 600x600 dpi, скорость печати: ч/б - 30 стр/мин, цветн. - 25.6 стр/мин, вывод: 250 листов
Konica Minolta magicolor 5550dt;https://komp.1k.by//periphery-printers/konica/Konica_Minolta_magicolor_5550dt-349351.html;https://static.1k.by/images/products/ip/125/p350000/p3/9/349351/i4c93dce40.jpg;A4, печать: лазерная цветная, прямая, 600x600 dpi, скорость печати: ч/б - 30 стр/мин, цветн. - 25.6 стр/мин, вывод: 250 листов
Konica Minolta magicolor 5570dthf;https://komp.1k.by//periphery-printers/konica/Konica_Minolta_magicolor_5570dthf-349352.html;https://static.1k.by/images/products/ip/125/p350000/pf/1/349352/ic3e71efdb.jpg;A4, печать: лазерная цветная, прямая, 600x600 dpi, скорость печати: ч/б - 35 стр/мин, цветн. - 30 стр/мин
Konica Minolta magicolor 5570dh;https://komp.1k.by//periphery-printers/konica/Konica_Minolta_magicolor_5570dh-349519.html;https://static.1k.by/images/products/ip/125/p350000/p9/6/349519/i9cce81a21.jpg;A4, печать: лазерная цветная, прямая, 600x600 dpi, скорость печати: ч/б - 35 стр/мин, цветн. - 30 стр/мин, вывод: 250 листов
Konica Minolta magicolor 5570dth;https://komp.1k.by//periphery-printers/konica/Konica_Minolta_magicolor_5570dth-349520.html;https://static.1k.by/images/products/ip/125/p350000/pc/f/349520/ic29f6c07e.jpg;A4, печать: лазерная цветная, прямая, 600x600 dpi, скорость печати: ч/б - 35 стр/мин, цветн. - 30 стр/мин, вывод: 250 листов
Konica Minolta PagePro 1490MF;https://komp.1k.by//periphery-printers/konica/Konica_Minolta_PagePro_1490MF-386778.html;https://static.1k.by/images/products/ip/125/p390000/p7/b/386778/icdd11cfcb.jpg;копир/сканер/факс, A4, печать: лазерная черно-белая, сканер: 600x600 dpi, скорость печати: ч/б - 20 стр/мин
Konica Minolta 1600f;https://komp.1k.by//periphery-printers/konica/Konica_Minolta_1600f-403728.html;https://static.1k.by/images/products/ip/125/p410000/pa/8/403728/i61b27a6da.jpg;копир/сканер/факс, A4, печать: лазерная черно-белая, прямая, сканер: 600x600 dpi, скорость печати: ч/б - 16 стр/мин, вывод: 50 листов
Konica Minolta bizhub C652DS;https://komp.1k.by//periphery-printers/konica/Konica_Minolta_bizhub_C652DS-403731.html;https://static.1k.by/images/products/ip/125/p410000/pc/0/403731/i4238e9f53.jpg;копир/сканер, A3, печать: лазерная цветная, прямая, 1800x600 dpi, сканер: 600x600 dpi, скорость печати: ч/б - 65 стр/мин, цветн. - 50 стр/мин, вывод: 250 листов
Konica Minolta bizhub 283;https://komp.1k.by//periphery-printers/konica/Konica_Minolta_bizhub_283-416610.html;https://static.1k.by/images/products/ip/125/p420000/pa/5/416610/idbdf6e6e8.jpg;копир/сканер, A3, печать: лазерная черно-белая, сканер: 600x600 dpi, скорость печати: ч/б - 28 стр/мин, вывод: 250 листов
Konica Minolta bizhub 363;https://komp.1k.by//periphery-printers/konica/Konica_Minolta_bizhub_363-416611.html;https://static.1k.by/images/products/ip/125/p420000/p2/a/416611/i47f336677.jpg;копир/сканер, A3, печать: лазерная черно-белая, сканер: 600x600 dpi, скорость печати: ч/б - 36 стр/мин, вывод: 250 листов
Konica Minolta bizhub 423;https://komp.1k.by//periphery-printers/konica/Konica_Minolta_bizhub_423-416612.html;https://static.1k.by/images/products/ip/125/p420000/pa/3/416612/i51b8d832d.jpg;копир/сканер, A3, печать: лазерная черно-белая, сканер: 600x600 dpi, скорость печати: ч/б - 43 стр/мин, вывод: 250 листов
Konica Minolta magicolor 4750DN;https://komp.1k.by//periphery-printers/konica/Konica_Minolta_magicolor_4750DN-416616.html;https://static.1k.by/images/products/ip/125/p420000/pe/3/416616/i99c5fee20.jpg;A4, печать: лазерная цветная, прямая, 600x600 dpi, скорость печати: ч/б - 30 стр/мин, цветн. - 30 стр/мин, вывод: 200 листов
Konica Minolta magicolor 4750EN;https://komp.1k.by//periphery-printers/konica/Konica_Minolta_magicolor_4750EN-416617.html;https://static.1k.by/images/products/ip/125/p420000/p2/e/416617/ie4fd41b25.jpg;A4, печать: лазерная цветная, прямая, 600x600 dpi, скорость печати: ч/б - 30 стр/мин, цветн. - 30 стр/мин, вывод: 200 листов
Konica Minolta bizhub 20;https://komp.1k.by//periphery-printers/konica/Konica_Minolta_bizhub_20-440832.html;https://static.1k.by/images/products/ip/125/p450000/p5/3/440832/i14c829882.jpg;копир/сканер/факс, A4, печать: лазерная черно-белая, сканер: 2400x600 dpi, скорость печати: ч/б - 30 стр/мин, вывод: 150 листов
Konica Minolta bizhub 20p;https://komp.1k.by//periphery-printers/konica/Konica_Minolta_bizhub_20p-440833.html;https://static.1k.by/images/products/ip/125/p450000/pa/9/440833/i8fdaf648e.jpg;A4, печать: лазерная черно-белая, скорость печати: ч/б - 30 стр/мин, вывод: 150 листов
Konica Minolta bizhub 43;https://komp.1k.by//periphery-printers/konica/Konica_Minolta_bizhub_43-475388.html;https://static.1k.by/images/products/ip/125/p480000/p5/5/475388/i622c1e91d.jpg;копир/сканер/факс, A4, печать: лазерная черно-белая, сканер: 1200x1200 dpi, скорость печати: ч/б - 43 стр/мин, вывод: 500 листов
Konica Minolta magicolor 3730DN;https://komp.1k.by//periphery-printers/konica/Konica_Minolta_magicolor_3730DN-521121.html;https://static.1k.by/images/products/ip/125/p530000/p8/0/521121/i1524e2148.jpg;A4 цветная, 2400x600 dpi, скорость печати: ч/б - 24 стр/мин, цветн. - 24 стр/мин, вывод: 200 листов
Konica Minolta bizhub 552;https://komp.1k.by//periphery-printers/konica/Konica_Minolta_bizhub_552-559478.html;https://static.1k.by/images/products/ip/125/p560000/pd/d/559478/id156a11ab.jpg;копир/сканер, A3, печать: лазерная черно-белая, прямая, сканер: 600x600 dpi, скорость печати: ч/б - 55 стр/мин, вывод: 250 листов
Konica Minolta bizhub 652;https://komp.1k.by//periphery-printers/konica/Konica_Minolta_bizhub_652-559479.html;https://static.1k.by/images/products/ip/125/p560000/p7/5/559479/ie5bc5ffca.jpg;копир/сканер, A3, печать: лазерная черно-белая, прямая, сканер: 600x600 dpi, скорость печати: ч/б - 65 стр/мин, вывод: 250 листов
Konica Minolta bizhub C25;https://komp.1k.by//periphery-printers/konica/Konica_Minolta_bizhub_C25-563317.html;https://static.1k.by/images/products/ip/125/p570000/p6/e/563317/ifb6835563.jpg;копир/сканер/факс, A4, печать: лазерная цветная, 600x600 dpi, сканер: 600x600 dpi, скорость печати: ч/б - 24 стр/мин, цветн. - 24 стр/мин, вывод: 150 листов
Konica Minolta bizhub 42;https://komp.1k.by//periphery-printers/konica/Konica_Minolta_bizhub_42-638712.html;https://static.1k.by/images/products/ip/125/p640000/p3/0/638712/i300fcf79d.jpg;копир/сканер, A3, печать: лазерная черно-белая, сканер: 600x1200 dpi, скорость печати: ч/б - 42 стр/мин, вывод: 250 листов
Konica Minolta bizhub 36;https://komp.1k.by//periphery-printers/konica/Konica_Minolta_bizhub_36-638713.html;https://static.1k.by/images/products/ip/125/p640000/p1/a/638713/ia81595cf5.jpg;копир/сканер, A3, печать: лазерная черно-белая, сканер: 600x1200 dpi, скорость печати: ч/б - 36 стр/мин, вывод: 250 листов
Konica Minolta bizhub C754;https://komp.1k.by//periphery-printers/konica/Konica_Minolta_bizhub_C754-675548.html;https://static.1k.by/images/products/ip/125/p680000/pd/e/675548/ie6c36ca58.jpg;копир/сканер, A3, печать: лазерная цветная, 1200x1200 dpi, сканер: 600x600 dpi, скорость печати: ч/б - 75 стр/мин, цветн. - 60 стр/мин, вывод: 250 листов
Konica Minolta bizhub C654;https://komp.1k.by//periphery-printers/konica/Konica_Minolta_bizhub_C654-675549.html;https://static.1k.by/images/products/ip/125/p680000/pf/8/675549/i749ed0fa3.jpg;копир/сканер, A3, печать: лазерная цветная, 1200x1200 dpi, сканер: 600x600 dpi, скорость печати: ч/б - 65 стр/мин, цветн. - 60 стр/мин, вывод: 250 листов
Konica Minolta bizhub PRO 1200P;https://komp.1k.by//periphery-printers/konica/Konica_Minolta_bizhub_PRO_1200P-718366.html;https://static.1k.by/images/products/ip/125/p720000/p0/2/718366/i48cb02a86.jpg;копир/сканер, A3, печать: лазерная черно-белая, сканер: 1200x1200 dpi, скорость печати: ч/б - 120 стр/мин, вывод: 3200 листов
Konica Minolta bizhub PRO 1051;https://komp.1k.by//periphery-printers/konica/Konica_Minolta_bizhub_PRO_1051-718367.html;https://static.1k.by/images/products/ip/125/p720000/p9/0/718367/i0feadbbcb.jpg;копир/сканер, A3, печать: лазерная черно-белая, сканер: 600x600 dpi, скорость печати: ч/б - 105 стр/мин, вывод: 3200 листов
Konica Minolta bizhub C364;https://komp.1k.by//periphery-printers/konica/Konica_Minolta_bizhub_C364-727813.html;https://static.1k.by/images/products/ip/125/p730000/p8/4/727813/i8acd2b75e.jpg;копир/сканер, A3, печать: лазерная цветная, 1200x1200 dpi, сканер: 600x600 dpi, скорость печати: ч/б - 36 стр/мин, цветн. - 36 стр/мин, вывод: 250 листов
Konica Minolta bizhub 195;https://komp.1k.by//periphery-printers/konica/Konica_Minolta_bizhub_195-727824.html;https://static.1k.by/images/products/ip/125/p730000/p2/c/727824/icd17ef05c.jpg;копир/сканер, A3, печать: лазерная черно-белая, сканер: 600x600 dpi, скорость печати: ч/б - 19 стр/мин
Konica Minolta bizhub 184;https://komp.1k.by//periphery-printers/konica/Konica_Minolta_bizhub_184-727826.html;https://static.1k.by/images/products/ip/125/p730000/p3/1/727826/ic24f4bc74.jpg;копир/сканер, A3, печать: лазерная черно-белая, сканер: 600x600 dpi, скорость печати: ч/б - 18 стр/мин
Konica Minolta bizhub C554;https://komp.1k.by//periphery-printers/konica/Konica_Minolta_bizhub_C554-752213.html;https://static.1k.by/images/products/ip/125/p760000/p4/5/752213/id1231a9be.jpg;копир/сканер, A3, печать: лазерная цветная, 1200x1200 dpi, сканер: 600x600 dpi, скорость печати: ч/б - 55 стр/мин, цветн. - 55 стр/мин, вывод: 250 листов
Konica Minolta bizhub 654;https://komp.1k.by//periphery-printers/konica/Konica_Minolta_bizhub_654-817609.html;https://static.1k.by/images/products/ip/125/p820000/p6/e/817609/i80c20a8f6.jpg;копир/сканер/факс, A3, печать: лазерная черно-белая, прямая, сканер: 600x600 dpi, скорость печати: ч/б - 65 стр/мин, вывод: 250 листов
Konica Minolta bizhub 25e;https://komp.1k.by//periphery-printers/konica/Konica_Minolta_bizhub_25e-850659.html;https://static.1k.by/images/products/ip/125/p860000/pf/7/850659/i727391eee.jpg;копир/сканер, A4, печать: лазерная черно-белая, сканер: 600x1200 dpi, скорость печати: ч/б - 36 стр/мин, вывод: 250 листов
Konica Minolta bizhub 458;https://komp.1k.by//periphery-printers/konica/Konica_Minolta_bizhub_458-2978667.html;https://static.1k.by/images/products/ip/125/pp5/0/2978667/i23bf9ddbc.jpg;копир/сканер, A3, печать: лазерная черно-белая, прямая, сканер: 600x600 dpi, скорость печати: ч/б - 45 стр/мин, вывод: 250 листов, airPrint
Konica Minolta bizhub C659;https://komp.1k.by//periphery-printers/konica/Konica_Minolta_bizhub_C659-3122851.html;https://static.1k.by/images/products/ip/125/pp1/1/3122851/ie8a4e1136.jpg;копир/сканер, A3, печать: лазерная цветная, 1200x1200 dpi, сканер: 600x600 dpi, скорость печати: ч/б - 65 стр/мин, цветн. - 65 стр/мин, вывод: 250 листов, airPrint
Konica Minolta bizhub C759;https://komp.1k.by//periphery-printers/konica/Konica_Minolta_bizhub_C759-3122853.html;https://static.1k.by/images/products/ip/125/pp1/a/3122853/i1f6693120.jpg;копир/сканер, A3, печать: лазерная цветная, 1200x1200 dpi, сканер: 600x600 dpi, скорость печати: ч/б - 75 стр/мин, цветн. - 65 стр/мин, вывод: 250 листов, airPrint
Konica Minolta bizhub 558e;https://komp.1k.by//periphery-printers/konica/Konica_Minolta_bizhub_558e-3204073.html;https://static.1k.by/images/products/ip/125/pp5/8/3204073/i5ce292e18.jpg;копир/сканер, A3, печать: лазерная черно-белая, прямая, сканер: 600x600 dpi, скорость печати: ч/б - 55 стр/мин, вывод: 250 листов, airPrint
Konica Minolta bizhub C4050i;https://komp.1k.by//periphery-printers/konica/Konica_Minolta_bizhub_C4050i-3783933.html;https://static.1k.by/images/products/ip/125/pp3/b/3783933/i200478566.jpg;копир/сканер/факс, A4, печать: лазерная цветная, прямая, 1200x1200 dpi, сканер: 600x600 dpi, скорость печати: ч/б - 40 стр/мин, цветн. - 40 стр/мин, вывод: 250 листов, airPrint
Konica Minolta bizhub C360i;https://komp.1k.by//periphery-printers/konica/Konica_Minolta_bizhub_C360i-3810017.html;https://static.1k.by/images/products/ip/125/pp0/2/3810017/i84bcb1a2b.jpg;копир/сканер, A3, печать: лазерная цветная, прямая, 1200x1200 dpi, сканер: 600x600 dpi, скорость печати: ч/б - 36 стр/мин, цветн. - 36 стр/мин, вывод: 250 листов, airPrint
Konica Minolta bizhub C300i;https://komp.1k.by//periphery-printers/konica/Konica_Minolta_bizhub_C300i-3810021.html;https://static.1k.by/images/products/ip/125/ppa/8/3810021/i071e2b66d.jpg;копир/сканер, A3, печать: лазерная цветная, прямая, 1200x1200 dpi, сканер: 600x600 dpi, скорость печати: ч/б - 30 стр/мин, цветн. - 30 стр/мин, вывод: 250 листов, airPrint
Konica Minolta bizhub C3300i;https://komp.1k.by//periphery-printers/konica/Konica_Minolta_bizhub_C3300i-3810025.html;https://static.1k.by/images/products/ip/125/pp4/3/3810025/ib33883773.jpg;A4, печать: лазерная цветная, прямая, 1200x1200 dpi, скорость печати: ч/б - 33 стр/мин, цветн. - 33 стр/мин, вывод: 250 листов, airPrint
Konica Minolta bizhub C3320i;https://komp.1k.by//periphery-printers/konica/Konica_Minolta_bizhub_C3320i-3810027.html;https://static.1k.by/images/products/ip/125/pp4/2/3810027/i7b821b9d4.jpg;копир/сканер, A4, печать: лазерная цветная, прямая, 1200x1200 dpi, сканер: 600x600 dpi, скорость печати: ч/б - 33 стр/мин, цветн. - 33 стр/мин, вывод: 250 листов, airPrint
Konica Minolta bizhub C4000i;https://komp.1k.by//periphery-printers/konica/Konica_Minolta_bizhub_C4000i-3810029.html;https://static.1k.by/images/products/ip/125/pp3/8/3810029/ie6bcbf3d9.jpg;A4, печать: лазерная цветная, прямая, 1200x1200 dpi, скорость печати: ч/б - 40 стр/мин, цветн. - 40 стр/мин, вывод: 250 листов, airPrint
Konica Minolta bizhub C3350i;https://komp.1k.by//periphery-printers/konica/Konica_Minolta_bizhub_C3350i-3810031.html;https://static.1k.by/images/products/ip/125/ppa/1/3810031/i997bc39e9.jpg;копир/сканер, A4, печать: лазерная цветная, прямая, 1200x1200 dpi, сканер: 600x600 dpi, скорость печати: ч/б - 33 стр/мин, цветн. - 33 стр/мин, вывод: 250 листов, airPrint
Konica Minolta bizhub 5000i;https://komp.1k.by//periphery-printers/konica/Konica_Minolta_bizhub_5000i-3944587.html;https://static.1k.by/images/products/ip/125/pp2/6/3944587/ic93fd0c41.jpg;A4, печать: лазерная черно-белая, скорость печати: ч/б - 50 стр/мин, вывод: 250 листов
Konica Minolta bizhub 4000i;https://komp.1k.by//periphery-printers/konica/Konica_Minolta_bizhub_4000i-3944589.html;https://static.1k.by/images/products/ip/125/pp1/8/3944589/id3b3a85f0.jpg;A4, печать: лазерная черно-белая, скорость печати: ч/б - 40 стр/мин, вывод: 150 листов
Konica Minolta bizhub 4020i;https://komp.1k.by//periphery-printers/konica/Konica_Minolta_bizhub_4020i-3944591.html;https://static.1k.by/images/products/ip/125/pp6/4/3944591/i70e3387ee.jpg;копир/сканер/факс, A4, печать: лазерная черно-белая, сканер: 1200x1200 dpi, скорость печати: ч/б - 40 стр/мин, вывод: 150 листов
Konica Minolta bizhub 5020i;https://komp.1k.by//periphery-printers/konica/Konica_Minolta_bizhub_5020i-3944593.html;https://static.1k.by/images/products/ip/125/pp9/5/3944593/i7de08e2eb.jpg;копир/сканер/факс, A4, печать: лазерная черно-белая, сканер: 1200x1200 dpi, скорость печати: ч/б - 50 стр/мин, вывод: 250 листов
