Kyocera ECOSYS M2040dn;https://komp.1k.by//periphery-printers/kyocera/Kyocera_ECOSYS_M2040dn-2712061.html;https://static.1k.by/images/products/ip/125/pp0/6/2712061/ibf09dfd1b.jpg;копир/сканер, A4, печать: лазерная черно-белая, прямая, сканер: 600x600 dpi, скорость печати: ч/б - 40 стр/мин, вывод: 150 листов
KYOCERA ECOSYS P2335d;https://komp.1k.by//periphery-printers/kyocera/KYOCERA_ECOSYS_P2335d-3183635.html;https://static.1k.by/images/products/ip/125/pp3/0/3183635/i6325cd717.jpg;A4, печать: лазерная черно-белая, прямая, скорость печати: ч/б - 35 стр/мин, вывод: 250 листов
KYOCERA ECOSYS M2235dn;https://komp.1k.by//periphery-printers/kyocera/KYOCERA_ECOSYS_M2235dn-3183633.html;https://static.1k.by/images/products/ip/125/ppb/b/3183633/i1f7bd1774.jpg;копир/сканер, A4, печать: лазерная черно-белая, прямая, сканер: 600x600 dpi, скорость печати: ч/б - 35 стр/мин, вывод: 150 листов, airPrint
Kyocera ECOSYS P2040dn;https://komp.1k.by//periphery-printers/kyocera/Kyocera_ECOSYS_P2040dn-2771885.html;https://static.1k.by/images/products/ip/125/pp2/9/2771885/id496396ad.jpg;A4, печать: лазерная черно-белая, прямая, скорость печати: ч/б - 40 стр/мин, вывод: 250 листов, airPrint
Kyocera TASKalfa 1800;https://komp.1k.by//periphery-printers/kyocera/Kyocera_TASKalfa_1800-1217433.html;https://static.1k.by/images/products/ip/125/pp2/f/1217433/i7c34f7077.jpg;копир/сканер, A3, печать: лазерная черно-белая, сканер: 600x600 dpi, скорость печати: ч/б - 18 стр/мин, вывод: 250 листов
Kyocera ECOSYS M2540dn;https://komp.1k.by//periphery-printers/kyocera/Kyocera_ECOSYS_M2540dn-2712065.html;https://static.1k.by/images/products/ip/125/pp1/e/2712065/i39d63cc50.jpg;копир/сканер/факс, A4, печать: лазерная черно-белая, прямая, сканер: 600x600 dpi, скорость печати: ч/б - 40 стр/мин, вывод: 150 листов
KYOCERA ECOSYS P2335dn;https://komp.1k.by//periphery-printers/kyocera/KYOCERA_ECOSYS_P2335dn-3183637.html;https://static.1k.by/images/products/ip/125/ppc/6/3183637/id3a7c3e10.jpg;A4, печать: лазерная черно-белая, прямая, скорость печати: ч/б - 35 стр/мин, вывод: 250 листов
KYOCERA ECOSYS M2835dw;https://komp.1k.by//periphery-printers/kyocera/KYOCERA_ECOSYS_M2835dw-3204069.html;https://static.1k.by/images/products/ip/125/ppc/c/3204069/iea34a6591.jpg;копир/сканер/факс, A4, печать: лазерная черно-белая, прямая, сканер: 600x600 dpi, скорость печати: ч/б - 35 стр/мин, вывод: 150 листов, Wi-Fi, airPrint
KYOCERA ECOSYS P6230cdn;https://komp.1k.by//periphery-printers/kyocera/KYOCERA_ECOSYS_P6230cdn-3242187.html;https://static.1k.by/images/products/ip/125/ppb/e/3242187/i39cb0bd91.jpg;A4, печать: лазерная цветная, прямая, 1200x1200 dpi, скорость печати: ч/б - 30 стр/мин, цветн. - 30 стр/мин, вывод: 250 листов, airPrint
Kyocera TASKalfa 1801;https://komp.1k.by//periphery-printers/kyocera/Kyocera_TASKalfa_1801-1303547.html;https://static.1k.by/images/products/ip/125/ppa/d/1303547/i1b9443c6d.jpg;копир/сканер/факс, A3, печать: лазерная черно-белая, сканер: 600x600 dpi, скорость печати: ч/б - 18 стр/мин, вывод: 250 листов
Kyocera FS-1040;https://komp.1k.by//periphery-printers/kyocera/Kyocera_FS_1040-778324.html;https://static.1k.by/images/products/ip/125/p780000/p8/d/778324/i4e3f0f1f8.jpg;A4, печать: лазерная черно-белая, скорость печати: ч/б - 20 стр/мин, вывод: 150 листов
KYOCERA ECOSYS M2735dn;https://komp.1k.by//periphery-printers/kyocera/KYOCERA_ECOSYS_M2735dn-3204067.html;https://static.1k.by/images/products/ip/125/pp8/a/3204067/i003d22242.jpg;копир/сканер/факс, A4, печать: лазерная черно-белая, прямая, сканер: 600x600 dpi, скорость печати: ч/б - 35 стр/мин, вывод: 150 листов, airPrint
Kyocera Ecosys M5521cdn;https://komp.1k.by//periphery-printers/kyocera/Kyocera_Ecosys_M5521cdn-2719661.html;https://static.1k.by/images/products/ip/125/pp8/6/2719661/i71212d027.jpg;копир/сканер/факс, A4, печать: лазерная цветная, прямая, 1200x1200 dpi, сканер: 600x600 dpi, скорость печати: ч/б - 21 стр/мин, цветн. - 21 стр/мин, вывод: 150 листов, airPrint
Kyocera ECOSYS M5521cdw;https://komp.1k.by//periphery-printers/kyocera/Kyocera_ECOSYS_M5521cdw-2719663.html;https://static.1k.by/images/products/ip/125/pp4/b/2719663/i0f41a4b47.jpg;копир/сканер/факс, A4, печать: лазерная цветная, прямая, 1200x1200 dpi, сканер: 600x600 dpi, скорость печати: ч/б - 21 стр/мин, цветн. - 21 стр/мин, вывод: 150 листов, Wi-Fi, airPrint
KYOCERA ECOSYS P2335dw;https://komp.1k.by//periphery-printers/kyocera/KYOCERA_ECOSYS_P2335dw-3204071.html;https://static.1k.by/images/products/ip/125/pp5/f/3204071/idb1677272.jpg;A4, печать: лазерная черно-белая, прямая, скорость печати: ч/б - 35 стр/мин, вывод: 250 листов, Wi-Fi
Kyocera FS-1020MFP;https://komp.1k.by//periphery-printers/kyocera/Kyocera_FS_1020MFP-850649.html;https://static.1k.by/images/products/ip/125/p860000/pd/8/850649/i11dd7358d.jpg;копир/сканер, A4, печать: лазерная черно-белая, сканер: 600x600 dpi, скорость печати: ч/б - 20 стр/мин, вывод: 100 листов
Kyocera ECOSYS P2040dw;https://komp.1k.by//periphery-printers/kyocera/Kyocera_ECOSYS_P2040dw-2771889.html;https://static.1k.by/images/products/ip/125/ppc/c/2771889/id3d49af4a.jpg;A4, печать: лазерная черно-белая, прямая, скорость печати: ч/б - 40 стр/мин, вывод: 250 листов, Wi-Fi, airPrint
Kyocera FS-1125MFP;https://komp.1k.by//periphery-printers/kyocera/Kyocera_FS_1125MFP-778322.html;https://static.1k.by/images/products/ip/125/p780000/p9/9/778322/idf741f3ca.jpg;копир/сканер/факс, A4, печать: лазерная черно-белая, сканер: 600x600 dpi, скорость печати: ч/б - 25 стр/мин, вывод: 100 листов
Kyocera ECOSYS M4132idn;https://komp.1k.by//periphery-printers/kyocera/Kyocera_ECOSYS_M4132idn-3099003.html;https://static.1k.by/images/products/ip/125/pp2/b/3099003/i2c1bf32bc.jpg;копир/сканер, A3, печать: лазерная черно-белая, прямая, сканер: 600x600 dpi, скорость печати: ч/б - 32 стр/мин, вывод: 300 листов, airPrint
Kyocera ECOSYS M4125idn;https://komp.1k.by//periphery-printers/kyocera/Kyocera_ECOSYS_M4125idn-3099001.html;https://static.1k.by/images/products/ip/125/ppa/c/3099001/ice29f9f9e.jpg;копир/сканер, A3, печать: лазерная черно-белая, прямая, сканер: 600x600 dpi, скорость печати: ч/б - 25 стр/мин, вывод: 300 листов, airPrint
KYOCERA ECOSYS M3655idn;https://komp.1k.by//periphery-printers/kyocera/KYOCERA_ECOSYS_M3655idn-3328175.html;https://static.1k.by/images/products/ip/125/pp4/c/3328175/i6bbc4d20a.jpg;копир/сканер/факс, A4, печать: лазерная черно-белая, прямая, сканер: 600x600 dpi, скорость печати: ч/б - 55 стр/мин, вывод: 500 листов, airPrint
Kyocera ECOSYS M3540idn;https://komp.1k.by//periphery-printers/kyocera/Kyocera_ECOSYS_M3540idn-1303227.html;https://static.1k.by/images/products/ip/125/pp9/f/1303227/ib29aee0a6.jpg;копир/сканер/факс, A4, печать: лазерная черно-белая, прямая, сканер: 600x600 dpi, скорость печати: ч/б - 40 стр/мин, вывод: 250 листов
KYOCERA ECOSYS M6630cidn;https://komp.1k.by//periphery-printers/kyocera/KYOCERA_ECOSYS_M6630cidn-3243329.html;https://static.1k.by/images/products/ip/125/pp6/d/3243329/i9ab98918d.jpg;копир/сканер/факс, A4, печать: лазерная цветная, прямая, 1200x1200 dpi, сканер: 600x600 dpi, скорость печати: ч/б - 30 стр/мин, цветн. - 30 стр/мин, вывод: 250 листов, airPrint
Kyocera FS-1120MFP;https://komp.1k.by//periphery-printers/kyocera/Kyocera_FS_1120MFP-778323.html;https://static.1k.by/images/products/ip/125/p780000/p4/a/778323/i35b09cdda.jpg;копир/сканер/факс, A4, печать: лазерная черно-белая, сканер: 600x600 dpi, скорость печати: ч/б - 20 стр/мин, вывод: 100 листов
Kyocera ECOSYS P5021cdn;https://komp.1k.by//periphery-printers/kyocera/Kyocera_ECOSYS_P5021cdn-2750397.html;https://static.1k.by/images/products/ip/125/ppa/c/2750397/i2efa35284.jpg;A4, печать: лазерная цветная, прямая, 1200x1200 dpi, скорость печати: ч/б - 21 стр/мин, цветн. - 21 стр/мин, вывод: 150 листов, airPrint
KYOCERA ECOSYS M3145idn;https://komp.1k.by//periphery-printers/kyocera/KYOCERA_ECOSYS_M3145idn-3328177.html;https://static.1k.by/images/products/ip/125/pp7/2/3328177/id27765738.jpg;копир/сканер, A4, печать: лазерная черно-белая, прямая, сканер: 600x600 dpi, скорость печати: ч/б - 45 стр/мин, вывод: 250 листов, airPrint
Kyocera ECOSYS M5526cdn;https://komp.1k.by//periphery-printers/kyocera/Kyocera_ECOSYS_M5526cdn-2750417.html;https://static.1k.by/images/products/ip/125/ppf/f/2750417/i1df181c51.jpg;копир/сканер/факс, A4, печать: лазерная цветная, прямая, 1200x1200 dpi, сканер: 600x600 dpi, скорость печати: ч/б - 26 стр/мин, цветн. - 26 стр/мин, вывод: 150 листов, airPrint
KYOCERA ECOSYS M6635cidn;https://komp.1k.by//periphery-printers/kyocera/KYOCERA_ECOSYS_M6635cidn-3242183.html;https://static.1k.by/images/products/ip/125/pp6/2/3242183/i1bce61926.jpg;копир/сканер/факс, A4, печать: лазерная цветная, прямая, 1200x1200 dpi, сканер: 600x600 dpi, скорость печати: ч/б - 35 стр/мин, цветн. - 35 стр/мин, вывод: 250 листов, airPrint
Kyocera ECOSYS P4040dn;https://komp.1k.by//periphery-printers/kyocera/Kyocera_ECOSYS_P4040dn-2160571.html;https://static.1k.by/images/products/ip/125/pp1/9/2160571/iacfde7a1c.jpg;A3, печать: лазерная черно-белая, прямая, скорость печати: ч/б - 40 стр/мин, вывод: 500 листов, airPrint
KYOCERA ECOSYS M3645dn;https://komp.1k.by//periphery-printers/kyocera/KYOCERA_ECOSYS_M3645dn-3328167.html;https://static.1k.by/images/products/ip/125/pp2/0/3328167/i64b036663.jpg;копир/сканер/факс, A4, печать: лазерная черно-белая, прямая, сканер: 600x600 dpi, скорость печати: ч/б - 45 стр/мин, вывод: 250 листов, airPrint
Kyocera TASKalfa 2201;https://komp.1k.by//periphery-printers/kyocera/Kyocera_TASKalfa_2201-1303545.html;https://static.1k.by/images/products/ip/125/ppd/4/1303545/ide1c97037.jpg;копир/сканер/факс, A3, печать: лазерная черно-белая, сканер: 600x600 dpi, скорость печати: ч/б - 22 стр/мин, вывод: 250 листов
KYOCERA ECOSYS P3150dn;https://komp.1k.by//periphery-printers/kyocera/KYOCERA_ECOSYS_P3150dn-3853547.html;https://static.1k.by/images/products/ip/125/pp6/c/3853547/iead0b36a3.jpg;A4, печать: лазерная черно-белая, прямая, скорость печати: ч/б - 50 стр/мин, вывод: 250 листов, airPrint
Kyocera ECOSYS M8130cidn;https://komp.1k.by//periphery-printers/kyocera/Kyocera_ECOSYS_M8130cidn-3099005.html;https://static.1k.by/images/products/ip/125/pp4/4/3099005/i854fbabe9.jpg;копир/сканер, A3, печать: лазерная цветная, прямая, 1200x1200 dpi, сканер: 600x600 dpi, скорость печати: ч/б - 30 стр/мин, цветн. - 30 стр/мин, вывод: 280 листов, airPrint
KYOCERA ECOSYS P3145dn;https://komp.1k.by//periphery-printers/kyocera/KYOCERA_ECOSYS_P3145dn-3871729.html;https://static.1k.by/images/products/ip/125/ppc/4/3871729/ic9936081a.jpg;A4, печать: лазерная черно-белая, прямая, скорость печати: ч/б - 45 стр/мин, вывод: 250 листов, airPrint
Kyocera FS-1025MFP;https://komp.1k.by//periphery-printers/kyocera/Kyocera_FS_1025MFP-778325.html;https://static.1k.by/images/products/ip/125/p780000/p0/0/778325/i86488623e.jpg;копир/сканер, A4, печать: лазерная черно-белая, сканер: 600x600 dpi, скорость печати: ч/б - 25 стр/мин, вывод: 100 листов
Kyocera ECOSYS M8124cidn;https://komp.1k.by//periphery-printers/kyocera/Kyocera_ECOSYS_M8124cidn-3099007.html;https://static.1k.by/images/products/ip/125/pp2/a/3099007/i6f10d917c.jpg;копир/сканер, A3, печать: лазерная цветная, прямая, 1200x1200 dpi, сканер: 600x600 dpi, скорость печати: ч/б - 24 стр/мин, цветн. - 24 стр/мин, вывод: 280 листов, airPrint
Kyocera FS-9530DN;https://komp.1k.by//periphery-printers/kyocera/Kyocera_FS_9530DN-81578.html;https://static.1k.by/images/products/ip/125/p90000/pc/0/81578/mb9ea3ab0c.jpg;A3, печать: лазерная черно-белая, прямая, скорость печати: ч/б - 51 стр/мин, вывод: 500 листов
KYOCERA ECOSYS P3155dn;https://komp.1k.by//periphery-printers/kyocera/KYOCERA_ECOSYS_P3155dn-3853551.html;https://static.1k.by/images/products/ip/125/pp6/7/3853551/i479ffdd51.jpg;A4, печать: лазерная черно-белая, прямая, скорость печати: ч/б - 55 стр/мин, вывод: 250 листов, airPrint
Kyocera TASKalfa 2200;https://komp.1k.by//periphery-printers/kyocera/Kyocera_TASKalfa_2200-1217431.html;https://static.1k.by/images/products/ip/125/pp8/1/1217431/i3644f9cd2.jpg;копир/сканер, A3, печать: лазерная черно-белая, сканер: 600x600 dpi, скорость печати: ч/б - 22 стр/мин, вывод: 250 листов
Kyocera FS-1060DN;https://komp.1k.by//periphery-printers/kyocera/Kyocera_FS_1060DN-769875.html;https://static.1k.by/images/products/ip/125/p770000/p9/a/769875/i817d17a52.jpg;A4, печать: лазерная черно-белая, скорость печати: ч/б - 25 стр/мин, вывод: 150 листов
KYOCERA ECOSYS M3145dn;https://komp.1k.by//periphery-printers/kyocera/KYOCERA_ECOSYS_M3145dn-3328171.html;https://static.1k.by/images/products/ip/125/pp8/c/3328171/i6a34a51bb.jpg;копир/сканер, A4, печать: лазерная черно-белая, прямая, сканер: 600x600 dpi, скорость печати: ч/б - 45 стр/мин, вывод: 250 листов, airPrint
KYOCERA ECOSYS M6230cidn;https://komp.1k.by//periphery-printers/kyocera/KYOCERA_ECOSYS_M6230cidn-3242195.html;https://static.1k.by/images/products/ip/125/pp2/b/3242195/i7d42e1c5f.jpg;копир/сканер, A4, печать: лазерная цветная, прямая, 1200x1200 dpi, сканер: 600x600 dpi, скорость печати: ч/б - 30 стр/мин, цветн. - 30 стр/мин, вывод: 250 листов, airPrint
Kyocera ECOSYS M2640idw;https://komp.1k.by//periphery-printers/kyocera/Kyocera_ECOSYS_M2640idw-2757987.html;https://static.1k.by/images/products/ip/125/pp0/0/2757987/i4efddbaa3.jpg;копир/сканер/факс, A4, печать: лазерная черно-белая, прямая, сканер: 600x600 dpi, скорость печати: ч/б - 40 стр/мин, вывод: 150 листов, Wi-Fi
Kyocera ECOSYS P5021cdw;https://komp.1k.by//periphery-printers/kyocera/Kyocera_ECOSYS_P5021cdw-2750395.html;https://static.1k.by/images/products/ip/125/pp7/0/2750395/i1be0ff3e3.jpg;A4, печать: лазерная цветная, прямая, 1200x1200 dpi, скорость печати: ч/б - 21 стр/мин, цветн. - 21 стр/мин, вывод: 150 листов, Wi-Fi, airPrint
Kyocera ECOSYS M5526cdw;https://komp.1k.by//periphery-printers/kyocera/Kyocera_ECOSYS_M5526cdw-2750405.html;https://static.1k.by/images/products/ip/125/pp9/d/2750405/i0f1202cd4.jpg;копир/сканер/факс, A4, печать: лазерная цветная, прямая, 1200x1200 dpi, сканер: 600x600 dpi, скорость печати: ч/б - 26 стр/мин, цветн. - 26 стр/мин, вывод: 150 листов, Wi-Fi, airPrint
Kyocera ECOSYS P2235dn;https://komp.1k.by//periphery-printers/kyocera/Kyocera_ECOSYS_P2235dn-2771903.html;https://static.1k.by/images/products/ip/125/pp1/1/2771903/ia5997fea5.jpg;A4, печать: лазерная черно-белая, прямая, скорость печати: ч/б - 35 стр/мин, вывод: 250 листов
Kyocera TASKalfa 3011i;https://komp.1k.by//periphery-printers/kyocera/Kyocera_TASKalfa_3011i-2733981.html;https://static.1k.by/images/products/ip/125/pp2/7/2733981/i9afca3320.jpg;копир/сканер/факс, A3, печать: лазерная черно-белая, прямая, сканер: 600x600 dpi, скорость печати: ч/б - 30 стр/мин, вывод: 250 листов
Kyocera FS-9130DN;https://komp.1k.by//periphery-printers/kyocera/Kyocera_FS_9130DN-93775.html;https://static.1k.by/images/products/ip/125/p100000/p4/1/93775/m545d0a48d.jpg;A3, печать: лазерная черно-белая, прямая, скорость печати: ч/б - 40 стр/мин, вывод: 500 листов
Kyocera ECOSYS P3055dn;https://komp.1k.by//periphery-printers/kyocera/Kyocera_ECOSYS_P3055dn-2771891.html;https://static.1k.by/images/products/ip/125/ppd/3/2771891/if99313a35.jpg;A4, печать: лазерная черно-белая, прямая, скорость печати: ч/б - 55 стр/мин, вывод: 500 листов, airPrint
KYOCERA ECOSYS M6235cidn;https://komp.1k.by//periphery-printers/kyocera/KYOCERA_ECOSYS_M6235cidn-3243331.html;https://static.1k.by/images/products/ip/125/ppa/8/3243331/i7c1a44f5b.jpg;копир/сканер/факс, A4, печать: лазерная цветная, прямая, 1200x1200 dpi, сканер: 600x600 dpi, скорость печати: ч/б - 35 стр/мин, цветн. - 35 стр/мин, вывод: 250 листов, airPrint
Kyocera ECOSYS P5026cdw;https://komp.1k.by//periphery-printers/kyocera/Kyocera_ECOSYS_P5026cdw-2750403.html;https://static.1k.by/images/products/ip/125/ppb/0/2750403/icf8934b6f.jpg;A4, печать: лазерная цветная, прямая, 1200x1200 dpi, скорость печати: ч/б - 26 стр/мин, цветн. - 26 стр/мин, вывод: 150 листов, Wi-Fi, airPrint
KYOCERA TASKalfa 3253ci;https://komp.1k.by//periphery-printers/kyocera/KYOCERA_TASKalfa_3253ci-3571913.html;https://static.1k.by/images/products/ip/125/pp3/4/3571913/ia8f45a2a4.jpg;копир/сканер, A3, печать: лазерная цветная, прямая, 1200x1200 dpi, сканер: 600x600 dpi, скорость печати: ч/б - 32 стр/мин, цветн. - 32 стр/мин, вывод: 500 листов, airPrint
KYOCERA TASKalfa 2553ci;https://komp.1k.by//periphery-printers/kyocera/KYOCERA_TASKalfa_2553ci-3571915.html;https://static.1k.by/images/products/ip/125/pp9/b/3571915/i3fe8f40b1.jpg;копир/сканер, A3, печать: лазерная цветная, прямая, 1200x1200 dpi, сканер: 600x600 dpi, скорость печати: ч/б - 25 стр/мин, цветн. - 25 стр/мин, вывод: 500 листов, airPrint
KYOCERA TASKalfa 3212i;https://komp.1k.by//periphery-printers/kyocera/KYOCERA_TASKalfa_3212i-3253439.html;https://static.1k.by/images/products/ip/125/ppa/c/3253439/i059278e61.jpg;копир/сканер, A3, печать: лазерная черно-белая, прямая, сканер: 600x600 dpi, скорость печати: ч/б - 32 стр/мин, вывод: 300 листов, airPrint
KYOCERA ECOSYS P3260dn;https://komp.1k.by//periphery-printers/kyocera/KYOCERA_ECOSYS_P3260dn-3887135.html;https://static.1k.by/images/products/ip/125/pp7/0/3887135/iaa57aa2d6.jpg;A4, печать: лазерная черно-белая, прямая, скорость печати: ч/б - 60 стр/мин, вывод: 500 листов, airPrint
Kyocera ECOSYS P3060dn;https://komp.1k.by//periphery-printers/kyocera/Kyocera_ECOSYS_P3060dn-2771887.html;https://static.1k.by/images/products/ip/125/pp2/d/2771887/i03bf2f3fc.jpg;A4, печать: лазерная черно-белая, прямая, скорость печати: ч/б - 60 стр/мин, вывод: 500 листов, airPrint
KYOCERA ECOSYS P6235cdn;https://komp.1k.by//periphery-printers/kyocera/KYOCERA_ECOSYS_P6235cdn-3242189.html;https://static.1k.by/images/products/ip/125/pp2/3/3242189/i155a72707.jpg;A4, печать: лазерная цветная, прямая, 1200x1200 dpi, скорость печати: ч/б - 35 стр/мин, цветн. - 35 стр/мин, вывод: 500 листов, airPrint
Kyocera FS-C8600DN;https://komp.1k.by//periphery-printers/kyocera/Kyocera_FS_C8600DN-769870.html;https://static.1k.by/images/products/ip/125/p770000/pe/a/769870/iccf55e9b0.jpg;A3, печать: лазерная цветная, прямая, 600x600 dpi, скорость печати: ч/б - 45 стр/мин, цветн. - 45 стр/мин, вывод: 750 листов
Kyocera ECOSYS P3050dn;https://komp.1k.by//periphery-printers/kyocera/Kyocera_ECOSYS_P3050dn-2771893.html;https://static.1k.by/images/products/ip/125/pp2/c/2771893/i76e88baeb.jpg;A4, печать: лазерная черно-белая, прямая, скорость печати: ч/б - 50 стр/мин, вывод: 500 листов, airPrint
Kyocera ECOSYS P3045dn;https://komp.1k.by//periphery-printers/kyocera/Kyocera_ECOSYS_P3045dn-2771899.html;https://static.1k.by/images/products/ip/125/ppa/b/2771899/i35f416cdd.jpg;A4, печать: лазерная черно-белая, прямая, скорость печати: ч/б - 45 стр/мин, вывод: 250 листов, airPrint
KYOCERA TASKalfa 4012i;https://komp.1k.by//periphery-printers/kyocera/KYOCERA_TASKalfa_4012i-3242185.html;https://static.1k.by/images/products/ip/125/ppd/b/3242185/i6e2c428d6.jpg;копир/сканер, A3, печать: лазерная черно-белая, прямая, сканер: 600x600 dpi, скорость печати: ч/б - 40 стр/мин, вывод: 300 листов
Kyocera ECOSYS P5026cdn;https://komp.1k.by//periphery-printers/kyocera/Kyocera_ECOSYS_P5026cdn-2750401.html;https://static.1k.by/images/products/ip/125/pp4/e/2750401/i272d021b0.jpg;A4, печать: лазерная цветная, прямая, 1200x1200 dpi, скорость печати: ч/б - 26 стр/мин, цветн. - 26 стр/мин, вывод: 150 листов, airPrint
Kyocera FS-4100DN;https://komp.1k.by//periphery-printers/kyocera/Kyocera_FS_4100DN-769873.html;https://static.1k.by/images/products/ip/125/p770000/p1/2/769873/i8ee5344ef.jpg;A4, печать: лазерная черно-белая, прямая, скорость печати: ч/б - 45 стр/мин, вывод: 250 листов
Kyocera TASKalfa 4002i;https://komp.1k.by//periphery-printers/kyocera/Kyocera_TASKalfa_4002i-2662253.html;https://static.1k.by/images/products/ip/125/pp8/1/2662253/ibac870f59.jpg;копир/сканер/факс, A3, печать: лазерная черно-белая, прямая, сканер: 600x600 dpi, скорость печати: ч/б - 40 стр/мин, вывод: 500 листов
KYOCERA ECOSYS M3645idn;https://komp.1k.by//periphery-printers/kyocera/KYOCERA_ECOSYS_M3645idn-3328169.html;https://static.1k.by/images/products/ip/125/pp8/7/3328169/i13796b7aa.jpg;копир/сканер/факс, A4, печать: лазерная черно-белая, прямая, сканер: 600x600 dpi, скорость печати: ч/б - 45 стр/мин, вывод: 250 листов, airPrint
KYOCERA ECOSYS M3660idn;https://komp.1k.by//periphery-printers/kyocera/KYOCERA_ECOSYS_M3660idn-3328173.html;https://static.1k.by/images/products/ip/125/ppb/8/3328173/i4952059f5.jpg;копир/сканер/факс, A4, печать: лазерная черно-белая, прямая, сканер: 600x600 dpi, скорость печати: ч/б - 60 стр/мин, вывод: 500 листов, airPrint
KYOCERA TASKalfa 307ci;https://komp.1k.by//periphery-printers/kyocera/KYOCERA_TASKalfa_307ci-3355143.html;https://static.1k.by/images/products/ip/125/ppb/9/3355143/i365078819.jpg;копир/сканер, A4, печать: лазерная цветная, прямая, 9600x600 dpi, сканер: 600x600 dpi, скорость печати: ч/б - 30 стр/мин, цветн. - 30 стр/мин, вывод: 500 листов, Wi-Fi
Kyocera FS-1010;https://komp.1k.by//periphery-printers/kyocera/Kyocera_FS_1010-87953.html;https://static.1k.by/images/products/ip/125/p90000/p9/e/87953/m7078180f1.jpg;A4, печать: лазерная черно-белая, скорость печати: ч/б - 14 стр/мин, вывод: 170 листов
Kyocera TASKalfa 2552ci;https://komp.1k.by//periphery-printers/kyocera/Kyocera_TASKalfa_2552ci-2700643.html;https://static.1k.by/images/products/ip/125/pp7/4/2700643/i1112aa93c.jpg;копир/сканер, A3, печать: лазерная цветная, прямая, 1200x1200 dpi, сканер: 600x600 dpi, скорость печати: ч/б - 25 стр/мин, цветн. - 25 стр/мин, вывод: 500 листов, airPrint
Kyocera ECOSYS P2235dw;https://komp.1k.by//periphery-printers/kyocera/Kyocera_ECOSYS_P2235dw-2771895.html;https://static.1k.by/images/products/ip/125/pp6/4/2771895/idfebebc0f.jpg;A4, печать: лазерная черно-белая, прямая, скорость печати: ч/б - 35 стр/мин, вывод: 250 листов, Wi-Fi
Kyocera FS-680;https://komp.1k.by//periphery-printers/kyocera/Kyocera_FS_680-93764.html;https://static.1k.by/images/products/ip/125/p100000/pd/3/93764/mecf53ae31.jpg;A4, печать: лазерная черно-белая, скорость печати: ч/б - 8 стр/мин, вывод: 150 листов
KYOCERA Document Solutions ECOSYS M4132idn;https://komp.1k.by//periphery-printers/kyocera/KYOCERA_Document_Solutions_ECOSYS_M4132idn-3155745.html;https://static.1k.by/images/products/ip/125/pp1/3/3155745/i645775569.jpg;копир/сканер, A3, печать: лазерная черно-белая, прямая, сканер: 600x600 dpi, скорость печати: ч/б - 32 стр/мин, вывод: 300 листов, airPrint
Kyocera KM-C3232;https://komp.1k.by//periphery-printers/kyocera/Kyocera_KM_C3232-80461.html;https://static.1k.by/images/products/ip/125/p90000/p1/1/80461/m19451ae32.jpg;копир/сканер, A3, печать: лазерная цветная, прямая, 600x600 dpi, сканер: 600x600 dpi, скорость печати: ч/б - 32 стр/мин, цветн. - 32 стр/мин, вывод: 250 листов
Kyocera TASKalfa 181;https://komp.1k.by//periphery-printers/kyocera/Kyocera_TASKalfa_181-274937.html;https://static.1k.by/images/products/ip/125/p280000/pe/8/274937/ib6a7cc1ac.jpg;копир, A3, печать: лазерная черно-белая, скорость печати: ч/б - 18 стр/мин, вывод: 250 листов
Kyocera FS-4200DN;https://komp.1k.by//periphery-printers/kyocera/Kyocera_FS_4200DN-769872.html;https://static.1k.by/images/products/ip/125/p770000/p1/3/769872/iefbe087a2.jpg;A4, печать: лазерная черно-белая, прямая, скорость печати: ч/б - 50 стр/мин, вывод: 500 листов
Kyocera ECOSYS P6130cdn;https://komp.1k.by//periphery-printers/kyocera/Kyocera_ECOSYS_P6130cdn-2160567.html;https://static.1k.by/images/products/ip/125/ppc/f/2160567/icf0e7c2d9.jpg;A4, печать: лазерная цветная, прямая, 9600x600 dpi, скорость печати: ч/б - 30 стр/мин, цветн. - 30 стр/мин, вывод: 250 листов, airPrint
Kyocera ECOSYS M2135dn;https://komp.1k.by//periphery-printers/kyocera/Kyocera_ECOSYS_M2135dn-2719665.html;https://static.1k.by/images/products/ip/125/ppe/9/2719665/i0ebef0646.jpg;копир/сканер, A4, печать: лазерная черно-белая, прямая, сканер: 600x600 dpi, скорость печати: ч/б - 35 стр/мин, вывод: 150 листов, airPrint
Kyocera ECOSYS P8060cdn;https://komp.1k.by//periphery-printers/kyocera/Kyocera_ECOSYS_P8060cdn-3032331.html;https://static.1k.by/images/products/ip/125/pp1/9/3032331/i67559366c.jpg;A3, печать: лазерная цветная, прямая, 1200x1200 dpi, скорость печати: ч/б - 60 стр/мин, цветн. - 55 стр/мин, вывод: 500 листов, airPrint
KYOCERA ECOSYS P7240cdn;https://komp.1k.by//periphery-printers/kyocera/KYOCERA_ECOSYS_P7240cdn-3242191.html;https://static.1k.by/images/products/ip/125/ppc/2/3242191/ib4e499483.jpg;A4, печать: лазерная цветная, прямая, 1200x1200 dpi, скорость печати: ч/б - 40 стр/мин, цветн. - 40 стр/мин, вывод: 500 листов, airPrint
Kyocera FS-1300D;https://komp.1k.by//periphery-printers/kyocera/Kyocera_FS_1300D-138560.html;https://static.1k.by/images/products/ip/125/p140000/pd/7/138560/mb5cb18d85.jpg;A4, печать: лазерная черно-белая, скорость печати: ч/б - 28 стр/мин, вывод: 250 листов
Kyocera KM-2035;https://komp.1k.by//periphery-printers/kyocera/Kyocera_KM_2035-138782.html;https://static.1k.by/images/products/ip/125/p140000/p6/e/138782/m420d4b38f.jpg;копир, A3, печать: лазерная черно-белая, скорость печати: ч/б - 16 стр/мин, вывод: 250 листов
Kyocera FS-1128MFP;https://komp.1k.by//periphery-printers/kyocera/Kyocera_FS_1128MFP-277270.html;https://static.1k.by/images/products/ip/125/p280000/pc/2/277270/i6110ad954.jpg;копир/сканер/факс, A4, печать: лазерная черно-белая, прямая, сканер: 600x600 dpi, скорость печати: ч/б - 28 стр/мин, вывод: 150 листов
Kyocera FS-1028DP;https://komp.1k.by//periphery-printers/kyocera/Kyocera_FS_1028DP-442953.html;https://static.1k.by/images/products/ip/125/p450000/p5/b/442953/i424f8038c.jpg;копир/сканер, A4, печать: лазерная черно-белая, прямая, сканер: 600x600 dpi, скорость печати: ч/б - 28 стр/мин, вывод: 150 листов
Kyocera TASKalfa 3050ci;https://komp.1k.by//periphery-printers/kyocera/Kyocera_TASKalfa_3050ci-653618.html;https://static.1k.by/images/products/ip/125/p660000/pb/b/653618/i8b4d7528b.jpg;копир/сканер/факс, A3, печать: лазерная цветная, прямая, 9600x600 dpi, сканер: 600x600 dpi, скорость печати: ч/б - 30 стр/мин, вывод: 320 листов
Kyocera FS-C2526MFP;https://komp.1k.by//periphery-printers/kyocera/Kyocera_FS_C2526MFP-655368.html;https://static.1k.by/images/products/ip/125/p660000/p7/1/655368/i282241f09.jpg;копир/сканер, A4, печать: лазерная цветная, прямая, 600x600 dpi, сканер: 600x600 dpi, скорость печати: ч/б - 26 стр/мин, цветн. - 26 стр/мин, вывод: 150 листов
Kyocera TASKalfa 2420w;https://komp.1k.by//periphery-printers/kyocera/Kyocera_TASKalfa_2420w-723136.html;https://static.1k.by/images/products/ip/125/p730000/pe/1/723136/i3af3ce518.jpg;копир/сканер, A0, печать: светодиодная черно-белая, сканер: 600x600 dpi
Kyocera TASKalfa 180;https://komp.1k.by//periphery-printers/kyocera/Kyocera_TASKalfa_180-775977.html;https://static.1k.by/images/products/ip/125/p780000/pc/5/775977/i62c9564c2.jpg;копир, A3, печать: лазерная черно-белая, скорость печати: ч/б - 17.2 стр/мин, вывод: 250 листов
Kyocera ECOSYS M3550idn;https://komp.1k.by//periphery-printers/kyocera/Kyocera_ECOSYS_M3550idn-1315745.html;https://static.1k.by/images/products/ip/125/pp8/6/1315745/i06dc3a61c.jpg;копир/сканер/факс, A4, печать: лазерная черно-белая, прямая, сканер: 600x600 dpi, скорость печати: ч/б - 50 стр/мин, вывод: 500 листов
Kyocera ECOSYS M6030cdn;https://komp.1k.by//periphery-printers/kyocera/Kyocera_ECOSYS_M6030cdn-2160559.html;https://static.1k.by/images/products/ip/125/pp2/3/2160559/i55b1dbc31.jpg;копир/сканер, A4, печать: лазерная цветная, прямая, 9600x600 dpi, сканер: 600x600 dpi, скорость печати: ч/б - 30 стр/мин, цветн. - 30 стр/мин, вывод: 250 листов, airPrint
Kyocera ECOSYS P7040cdn;https://komp.1k.by//periphery-printers/kyocera/Kyocera_ECOSYS_P7040cdn-2675341.html;https://static.1k.by/images/products/ip/125/pp8/1/2675341/iccb5954ea.jpg;A4, печать: лазерная цветная, прямая, 9600x600 dpi, скорость печати: ч/б - 40 стр/мин, цветн. - 40 стр/мин, вывод: 500 листов, airPrint
Kyocera ECOSYS M2635dn;https://komp.1k.by//periphery-printers/kyocera/Kyocera_ECOSYS_M2635dn-2712063.html;https://static.1k.by/images/products/ip/125/pp9/4/2712063/iac383c94e.jpg;копир/сканер/факс, A4, печать: лазерная черно-белая, прямая, сканер: 600x600 dpi, скорость печати: ч/б - 35 стр/мин, вывод: 150 листов
Kyocera ECOSYS M2735dw;https://komp.1k.by//periphery-printers/kyocera/Kyocera_ECOSYS_M2735dw-2733967.html;https://static.1k.by/images/products/ip/125/ppe/a/2733967/i3b998b097.jpg;копир/сканер/факс, A4, печать: лазерная черно-белая, прямая, сканер: 600x600 dpi, скорость печати: ч/б - 35 стр/мин, вывод: 150 листов, Wi-Fi, airPrint
Kyocera TASKalfa 7002i;https://komp.1k.by//periphery-printers/kyocera/Kyocera_TASKalfa_7002i-3032333.html;https://static.1k.by/images/products/ip/125/pp5/f/3032333/ib714cdaff.jpg;копир/сканер, A3, печать: лазерная черно-белая, прямая, сканер: 600x600 dpi, скорость печати: ч/б - 70 стр/мин, airPrint
Kyocera TASKalfa 8002i;https://komp.1k.by//periphery-printers/kyocera/Kyocera_TASKalfa_8002i-3032339.html;https://static.1k.by/images/products/ip/125/pp9/5/3032339/ic46b6d341.jpg;копир/сканер, A3, печать: лазерная черно-белая, прямая, сканер: 600x600 dpi, скорость печати: ч/б - 80 стр/мин, airPrint
KYOCERA TASKalfa 9002i;https://komp.1k.by//periphery-printers/kyocera/KYOCERA_TASKalfa_9002i-3270835.html;https://static.1k.by/images/products/ip/125/pp0/4/3270835/i86d6de3e0.jpg;копир/сканер, A3, печать: лазерная черно-белая, прямая, сканер: 600x600 dpi, скорость печати: ч/б - 90 стр/мин, airPrint
Kyocera KM-C2520;https://komp.1k.by//periphery-printers/kyocera/Kyocera_KM_C2520-80459.html;https://static.1k.by/images/products/ip/125/p90000/p1/4/80459/m69b649e7c.jpg;копир/сканер, A3, печать: лазерная цветная, сканер: 600x600 dpi, скорость печати: ч/б - 25 стр/мин, цветн. - 20 стр/мин, вывод: 250 листов
Kyocera KM-C3225;https://komp.1k.by//periphery-printers/kyocera/Kyocera_KM_C3225-80460.html;https://static.1k.by/images/products/ip/125/p90000/p8/b/80460/m8a5455ebc.jpg;копир/сканер, A3, печать: лазерная цветная, 9600x600 dpi, сканер: 600x600 dpi, скорость печати: ч/б - 32 стр/мин, цветн. - 16 стр/мин, вывод: 250 листов
Kyocera FS-C5015N;https://komp.1k.by//periphery-printers/kyocera/Kyocera_FS_C5015N-81580.html;https://static.1k.by/images/products/ip/125/p90000/pa/1/81580/m3f2f2dd59.jpg;A4, печать: лазерная цветная, прямая, 600x600 dpi, скорость печати: ч/б - 16 стр/мин, цветн. - 16 стр/мин, вывод: 250 листов
Kyocera FS-C5020N;https://komp.1k.by//periphery-printers/kyocera/Kyocera_FS_C5020N-81582.html;https://static.1k.by/images/products/ip/125/p90000/p0/b/81582/mb066b578c.jpg;A4, печать: лазерная цветная, прямая, 600x600 dpi, скорость печати: ч/б - 16 стр/мин, цветн. - 16 стр/мин, вывод: 250 листов
Kyocera KM-1650;https://komp.1k.by//periphery-printers/kyocera/Kyocera_KM_1650-81590.html;https://static.1k.by/images/products/ip/125/p90000/p0/a/81590/m658aa7217.jpg;копир, A3, печать: лазерная черно-белая, скорость печати: ч/б - 16 стр/мин, вывод: 250 листов
Kyocera KM-2050;https://komp.1k.by//periphery-printers/kyocera/Kyocera_KM_2050-81592.html;https://static.1k.by/images/products/ip/125/p90000/p3/e/81592/m7f5c01a6e.jpg;копир, A3, печать: лазерная черно-белая, скорость печати: ч/б - 20 стр/мин, вывод: 250 листов
Kyocera KM-2550;https://komp.1k.by//periphery-printers/kyocera/Kyocera_KM_2550-81594.html;https://static.1k.by/images/products/ip/125/p90000/p8/3/81594/m96c61ac7c.jpg;копир, A3, печать: лазерная черно-белая, прямая, сканер: 600x600 dpi, скорость печати: ч/б - 23 стр/мин, вывод: 250 листов
Kyocera KM-3050;https://komp.1k.by//periphery-printers/kyocera/Kyocera_KM_3050-81595.html;https://static.1k.by/images/products/ip/125/p90000/pe/b/81595/m3adbe7193.jpg;копир/сканер, A3, печать: лазерная черно-белая, сканер: 600x600 dpi, скорость печати: ч/б - 30 стр/мин, вывод: 250 листов
Kyocera KM-3650w;https://komp.1k.by//periphery-printers/kyocera/Kyocera_KM_3650w-81596.html;https://static.1k.by/images/products/ip/125/p90000/p7/b/81596/m0ba22e6c8.jpg;копир/сканер, A0, печать: лазерная черно-белая, сканер: 600x600 dpi, вывод: 1 листов
Kyocera FS-1016MFP;https://komp.1k.by//periphery-printers/kyocera/Kyocera_FS_1016MFP-87954.html;https://static.1k.by/images/products/ip/125/p90000/pd/a/87954/m545ab0d32.jpg;копир/сканер, A4, печать: лазерная черно-белая, прямая, сканер: 1200x1200 dpi, скорость печати: ч/б - 16 стр/мин, вывод: 100 листов
Kyocera FS-1018MFP;https://komp.1k.by//periphery-printers/kyocera/Kyocera_FS_1018MFP-87955.html;https://static.1k.by/images/products/ip/125/p90000/p6/2/87955/mcbcbb8d4c.jpg;копир/сканер, A4, печать: лазерная черно-белая, сканер: 600x600 dpi, скорость печати: ч/б - 18 стр/мин, вывод: 180 листов
Kyocera FS-1020D;https://komp.1k.by//periphery-printers/kyocera/Kyocera_FS_1020D-87956.html;https://static.1k.by/images/products/ip/125/p90000/p8/4/87956/me371a5b85.jpg;A4, печать: лазерная черно-белая, скорость печати: ч/б - 20 стр/мин, вывод: 250 листов
Kyocera FS-1116;https://komp.1k.by//periphery-printers/kyocera/Kyocera_FS_1116-88862.html;https://static.1k.by/images/products/ip/125/p90000/pf/1/88862/m85c648d99.jpg;копир/сканер/факс, A4, печать: лазерная черно-белая, сканер: 1200x1200 dpi, скорость печати: ч/б - 16 стр/мин, вывод: 100 листов
Kyocera FS-1118MFP;https://komp.1k.by//periphery-printers/kyocera/Kyocera_FS_1118MFP-88863.html;https://static.1k.by/images/products/ip/125/p90000/pa/6/88863/m1156d38aa.jpg;копир/сканер, A4, печать: лазерная черно-белая, сканер: 600x600 dpi, скорость печати: ч/б - 18 стр/мин, вывод: 180 листов
Kyocera FS-1920;https://komp.1k.by//periphery-printers/kyocera/Kyocera_FS_1920-88869.html;https://static.1k.by/images/products/ip/125/p90000/pc/a/88869/mb336e2199.jpg;A4, печать: лазерная черно-белая, скорость печати: ч/б - 28 стр/мин, вывод: 250 листов
Kyocera FS-2000D;https://komp.1k.by//periphery-printers/kyocera/Kyocera_FS_2000D-88871.html;https://static.1k.by/images/products/ip/125/p90000/p0/e/88871/mfeec96b89.jpg;A4, печать: лазерная черно-белая, прямая, скорость печати: ч/б - 30 стр/мин, вывод: 150 листов
Kyocera FS-720;https://komp.1k.by//periphery-printers/kyocera/Kyocera_FS_720-93768.html;https://static.1k.by/images/products/ip/125/p100000/p7/1/93768/m715034a33.jpg;A4, печать: лазерная черно-белая, скорость печати: ч/б - 16 стр/мин, вывод: 100 листов
Kyocera FS-820;https://komp.1k.by//periphery-printers/kyocera/Kyocera_FS_820-93771.html;https://static.1k.by/images/products/ip/125/p100000/pb/8/93771/ma765e5fa0.jpg;A4, печать: лазерная черно-белая, скорость печати: ч/б - 16 стр/мин, вывод: 100 листов
Kyocera FS-9000;https://komp.1k.by//periphery-printers/kyocera/Kyocera_FS_9000-93772.html;https://static.1k.by/images/products/ip/125/p100000/pd/3/93772/m8a479a151.jpg;A3, печать: лазерная черно-белая, скорость печати: ч/б - 20 стр/мин, вывод: 500 листов
Kyocera FS-920;https://komp.1k.by//periphery-printers/kyocera/Kyocera_FS_920-93776.html;https://static.1k.by/images/products/ip/125/p100000/p6/a/93776/me665a0fbb.jpg;A4, печать: лазерная черно-белая, скорость печати: ч/б - 18 стр/мин, вывод: 100 листов
Kyocera FS-1100;https://komp.1k.by//periphery-printers/kyocera/Kyocera_FS_1100-138559.html;https://static.1k.by/images/products/ip/125/p140000/p9/5/138559/mf7d224ae8.jpg;A4, печать: лазерная черно-белая, скорость печати: ч/б - 28 стр/мин, вывод: 250 листов
Kyocera KM-3060;https://komp.1k.by//periphery-printers/kyocera/Kyocera_KM_3060-139092.html;https://static.1k.by/images/products/ip/125/p140000/pc/d/139092/m98ac1f2cc.jpg;копир/сканер, A3, печать: лазерная черно-белая, сканер: 600x600 dpi, скорость печати: ч/б - 30 стр/мин, вывод: 250 листов
Kyocera KM-C2525E;https://komp.1k.by//periphery-printers/kyocera/Kyocera_KM_C2525E-139297.html;https://static.1k.by/images/products/ip/125/p140000/p1/3/139297/mf997f6300.jpg;копир/сканер, A3, печать: лазерная цветная, 600x600 dpi, сканер: 600x600 dpi, скорость печати: ч/б - 25 стр/мин, цветн. - 25 стр/мин, вывод: 250 листов
Kyocera KM-2560;https://komp.1k.by//periphery-printers/kyocera/Kyocera_KM_2560-139777.html;https://static.1k.by/images/products/ip/125/p140000/pe/f/139777/m29bda91b2.jpg;копир/сканер, A3, печать: лазерная черно-белая, сканер: 600x600 dpi, скорость печати: ч/б - 25 стр/мин, вывод: 250 листов
Kyocera FS-2020D;https://komp.1k.by//periphery-printers/kyocera/Kyocera_FS_2020D-212387.html;https://static.1k.by/images/products/ip/125/p220000/p6/0/212387/i9bfc3058c.jpg;A4, печать: лазерная черно-белая, прямая, скорость печати: ч/б - 35 стр/мин, вывод: 250 листов
Kyocera FS-3920DN;https://komp.1k.by//periphery-printers/kyocera/Kyocera_FS_3920DN-212388.html;https://static.1k.by/images/products/ip/125/p220000/p8/3/212388/i9427f2344.jpg;A4, печать: лазерная черно-белая, прямая, скорость печати: ч/б - 40 стр/мин, вывод: 250 листов
Kyocera TASKalfa 250ci;https://komp.1k.by//periphery-printers/kyocera/Kyocera_TASKalfa_250ci-212394.html;https://static.1k.by/images/products/ip/125/p220000/p4/c/212394/iffd995f91.jpg;копир/сканер/факс, A3, печать: лазерная цветная, 600x600 dpi, сканер: 200x400 dpi, скорость печати: ч/б - 25 стр/мин, цветн. - 25 стр/мин, вывод: 250 листов
Kyocera FS-2020DN;https://komp.1k.by//periphery-printers/kyocera/Kyocera_FS_2020DN-228515.html;https://static.1k.by/images/products/ip/125/p230000/p9/d/228515/i321f5a2fd.jpg;A4, печать: лазерная черно-белая, прямая, скорость печати: ч/б - 35 стр/мин, вывод: 250 листов
Kyocera FS-6970DN;https://komp.1k.by//periphery-printers/kyocera/Kyocera_FS_6970DN-270499.html;https://static.1k.by/images/products/ip/125/p280000/p1/6/270499/ic222753d2.jpg;A3, печать: лазерная черно-белая, прямая, скорость печати: ч/б - 35 стр/мин, вывод: 250 листов
Kyocera FS-C1020MFP;https://komp.1k.by//periphery-printers/kyocera/Kyocera_FS_C1020MFP-270500.html;https://static.1k.by/images/products/ip/125/p280000/p6/3/270500/i9154bace4.jpg;копир/сканер/факс, A4, печать: лазерная цветная, 2400x600 dpi, сканер: 1200x1200 dpi, скорость печати: ч/б - 20 стр/мин, цветн. - 20 стр/мин, вывод: 150 листов
Kyocera FS-1028MFP;https://komp.1k.by//periphery-printers/kyocera/Kyocera_FS_1028MFP-277269.html;https://static.1k.by/images/products/ip/125/p280000/pd/4/277269/i89d1ce6ef.jpg;копир/сканер, A4, печать: лазерная черно-белая, прямая, сканер: 600x600 dpi, скорость печати: ч/б - 28 стр/мин, вывод: 150 листов
Kyocera FS-C5350DN;https://komp.1k.by//periphery-printers/kyocera/Kyocera_FS_C5350DN-286782.html;https://static.1k.by/images/products/ip/125/p290000/pb/d/286782/i6f0bc7851.jpg;A4, печать: лазерная цветная, прямая, 9600x600 dpi, скорость печати: ч/б - 30 стр/мин, цветн. - 30 стр/мин, вывод: 250 листов
Kyocera FS-C5400DN;https://komp.1k.by//periphery-printers/kyocera/Kyocera_FS_C5400DN-286783.html;https://static.1k.by/images/products/ip/125/p290000/p9/8/286783/i1538a44ec.jpg;A4, печать: лазерная цветная, прямая, 9600x600 dpi, скорость печати: ч/б - 35 стр/мин, цветн. - 35 стр/мин, вывод: 500 листов
Kyocera KM-4800w;https://komp.1k.by//periphery-printers/kyocera/Kyocera_KM_4800w-286784.html;https://static.1k.by/images/products/ip/125/p290000/p8/9/286784/i43feab247.jpg;копир/сканер, A0, печать: светодиодная черно-белая, сканер: 600x600 dpi
Kyocera TASKalfa 650c;https://komp.1k.by//periphery-printers/kyocera/Kyocera_TASKalfa_650c-366499.html;https://static.1k.by/images/products/ip/125/p370000/p2/e/366499/i265a00769.jpg;копир/сканер, A3, печать: лазерная цветная, 1200x1200 dpi, сканер: 600x600 dpi, скорость печати: ч/б - 65 стр/мин, цветн. - 65 стр/мин, вывод: 100 листов
Kyocera FS-1120D;https://komp.1k.by//periphery-printers/kyocera/Kyocera_FS_1120D-403732.html;https://static.1k.by/images/products/ip/125/p410000/p9/7/403732/i3074cce75.jpg;A4, печать: лазерная черно-белая, скорость печати: ч/б - 30 стр/мин, вывод: 250 листов
Kyocera FS-1320D;https://komp.1k.by//periphery-printers/kyocera/Kyocera_FS_1320D-404107.html;https://static.1k.by/images/products/ip/125/p410000/p6/c/404107/if0ffe1875.jpg;A4, печать: лазерная черно-белая, скорость печати: ч/б - 35 стр/мин, вывод: 250 листов
Kyocera FS-1370DN;https://komp.1k.by//periphery-printers/kyocera/Kyocera_FS_1370DN-439447.html;https://static.1k.by/images/products/ip/125/p440000/pf/b/439447/ic2e35f471.jpg;A4, печать: лазерная черно-белая, прямая, скорость печати: ч/б - 35 стр/мин, вывод: 250 листов
Kyocera FS-3040MFP;https://komp.1k.by//periphery-printers/kyocera/Kyocera_FS_3040MFP-440834.html;https://static.1k.by/images/products/ip/125/p450000/p1/1/440834/i22258dffa.jpg;копир/сканер, A4, печать: лазерная черно-белая, прямая, сканер: 600x600 dpi, скорость печати: ч/б - 40 стр/мин, вывод: 500 листов
Kyocera FS-C2126MFP;https://komp.1k.by//periphery-printers/kyocera/Kyocera_FS_C2126MFP-447840.html;https://static.1k.by/images/products/ip/125/p450000/pb/9/447840/i8ece1b6cf.jpg;копир/сканер/факс, A4, печать: лазерная цветная, прямая, 9600x600 dpi, сканер: 600x600 dpi, скорость печати: ч/б - 26 стр/мин, цветн. - 26 стр/мин, вывод: 250 листов
Kyocera FS-1024MFP;https://komp.1k.by//periphery-printers/kyocera/Kyocera_FS_1024MFP-531358.html;https://static.1k.by/images/products/ip/125/p540000/p8/a/531358/i4464a4139.jpg;копир/сканер, A4, печать: лазерная черно-белая, прямая, сканер: 600x600 dpi, скорость печати: ч/б - 24 стр/мин, вывод: 150 листов
Kyocera FS-1110;https://komp.1k.by//periphery-printers/kyocera/Kyocera_FS_1110-531359.html;https://static.1k.by/images/products/ip/125/p540000/pd/f/531359/ib5d415cbf.jpg;A4, печать: лазерная черно-белая, прямая, скорость печати: ч/б - 24 стр/мин, вывод: 250 листов
Kyocera FS-1124MFP;https://komp.1k.by//periphery-printers/kyocera/Kyocera_FS_1124MFP-531360.html;https://static.1k.by/images/products/ip/125/p540000/pc/d/531360/i7edd709aa.jpg;копир/сканер/факс, A4, печать: лазерная черно-белая, прямая, сканер: 600x600 dpi, скорость печати: ч/б - 24 стр/мин, вывод: 150 листов
Kyocera FS-6025MFP;https://komp.1k.by//periphery-printers/kyocera/Kyocera_FS_6025MFP-531361.html;https://static.1k.by/images/products/ip/125/p540000/pe/a/531361/i79b8f19f2.jpg;копир/сканер, A3, печать: лазерная черно-белая, сканер: 600x600 dpi, скорость печати: ч/б - 25 стр/мин, вывод: 300 листов
Kyocera FS-C5150DN;https://komp.1k.by//periphery-printers/kyocera/Kyocera_FS_C5150DN-531364.html;https://static.1k.by/images/products/ip/125/p540000/pa/b/531364/i3960142fa.jpg;A4, печать: лазерная цветная, прямая, 600x600 dpi, скорость печати: ч/б - 21 стр/мин, цветн. - 21 стр/мин, вывод: 250 листов
Kyocera FS-C5250DN;https://komp.1k.by//periphery-printers/kyocera/Kyocera_FS_C5250DN-531365.html;https://static.1k.by/images/products/ip/125/p540000/p2/4/531365/i1a9bdf7cb.jpg;A4, печать: лазерная цветная, прямая, 9600x600 dpi, скорость печати: ч/б - 26 стр/мин, цветн. - 26 стр/мин, вывод: 250 листов
Kyocera FS-C8020MFP;https://komp.1k.by//periphery-printers/kyocera/Kyocera_FS_C8020MFP-638704.html;https://static.1k.by/images/products/ip/125/p640000/pa/6/638704/i7719a6c56.jpg;копир/сканер, A3, печать: лазерная цветная, прямая, 9600x600 dpi, сканер: 600x600 dpi, скорость печати: ч/б - 20 стр/мин, цветн. - 20 стр/мин
Kyocera TASKalfa 3500i;https://komp.1k.by//periphery-printers/kyocera/Kyocera_TASKalfa_3500i-649975.html;https://static.1k.by/images/products/ip/125/p650000/p3/4/649975/if825ceab8.jpg;копир/сканер, A3, печать: лазерная черно-белая, прямая, сканер: 600x600 dpi, скорость печати: ч/б - 35 стр/мин, вывод: 250 листов
Kyocera FS-1135MFP;https://komp.1k.by//periphery-printers/kyocera/Kyocera_FS_1135MFP-649977.html;https://static.1k.by/images/products/ip/125/p650000/p3/3/649977/icdf2cfc08.jpg;копир/сканер/факс, A4, печать: лазерная черно-белая, прямая, сканер: 600x600 dpi, скорость печати: ч/б - 35 стр/мин, вывод: 150 листов
Kyocera FS-1130MFP;https://komp.1k.by//periphery-printers/kyocera/Kyocera_FS_1130MFP-649978.html;https://static.1k.by/images/products/ip/125/p650000/p0/6/649978/i16fe46d7f.jpg;копир/сканер/факс, A4, печать: лазерная черно-белая, прямая, сканер: 600x600 dpi, скорость печати: ч/б - 30 стр/мин, вывод: 150 листов
Kyocera FS-1035MFP DP;https://komp.1k.by//periphery-printers/kyocera/Kyocera_FS_1035MFPDP-649979.html;https://static.1k.by/images/products/ip/125/p650000/p2/e/649979/ia31935a32.jpg;копир/сканер, A4, печать: лазерная черно-белая, прямая, сканер: 600x600 dpi, скорость печати: ч/б - 35 стр/мин, вывод: 150 листов
Kyocera FS-1030MFP DP;https://komp.1k.by//periphery-printers/kyocera/Kyocera_FS_1030MFPDP-649980.html;https://static.1k.by/images/products/ip/125/p650000/p5/2/649980/if1f15c3d5.jpg;копир/сканер, A4, печать: лазерная черно-белая, прямая, сканер: 600x600 dpi, скорость печати: ч/б - 30 стр/мин, вывод: 150 листов
Kyocera FS-1030MFP;https://komp.1k.by//periphery-printers/kyocera/Kyocera_FS_1030MFP-649981.html;https://static.1k.by/images/products/ip/125/p650000/p7/3/649981/i22653c5aa.jpg;копир/сканер, A4, печать: лазерная черно-белая, прямая, сканер: 600x600 dpi, скорость печати: ч/б - 30 стр/мин, вывод: 150 листов
Kyocera TASKalfa 5500i;https://komp.1k.by//periphery-printers/kyocera/Kyocera_TASKalfa_5500i-653615.html;https://static.1k.by/images/products/ip/125/p660000/pe/7/653615/i4579df6cb.jpg;копир/сканер/факс, A3, печать: лазерная черно-белая, прямая, сканер: 600x600 dpi, скорость печати: ч/б - 55 стр/мин, вывод: 320 листов
Kyocera TASKalfa 4550ci;https://komp.1k.by//periphery-printers/kyocera/Kyocera_TASKalfa_4550ci-653616.html;https://static.1k.by/images/products/ip/125/p660000/p1/f/653616/id035013cd.jpg;копир/сканер/факс, A3, печать: лазерная цветная, прямая, 9600x600 dpi, сканер: 600x600 dpi, скорость печати: ч/б - 45 стр/мин, вывод: 320 листов
Kyocera FS-3540MFP;https://komp.1k.by//periphery-printers/kyocera/Kyocera_FS_3540MFP-653627.html;https://static.1k.by/images/products/ip/125/p660000/p5/2/653627/ic4f16577a.jpg;копир/сканер, A4, печать: лазерная черно-белая, прямая, сканер: 600x600 dpi, скорость печати: ч/б - 40 стр/мин, вывод: 500 листов
Kyocera TASKalfa 6500i;https://komp.1k.by//periphery-printers/kyocera/Kyocera_TASKalfa_6500i-655364.html;https://static.1k.by/images/products/ip/125/p660000/p0/3/655364/if54197c86.jpg;копир/сканер, A3, печать: лазерная черно-белая, прямая, сканер: 600x600 dpi, скорость печати: ч/б - 65 стр/мин, вывод: 420 листов
Kyocera TASKalfa 5550ci;https://komp.1k.by//periphery-printers/kyocera/Kyocera_TASKalfa_5550ci-655365.html;https://static.1k.by/images/products/ip/125/p660000/p0/c/655365/ie97131e4f.jpg;копир/сканер, A3, печать: лазерная цветная, прямая, 9600x600 dpi, сканер: 600x600 dpi, скорость печати: ч/б - 55 стр/мин, цветн. - 50 стр/мин
Kyocera TASKalfa 4500i;https://komp.1k.by//periphery-printers/kyocera/Kyocera_TASKalfa_4500i-655366.html;https://static.1k.by/images/products/ip/125/p660000/pc/f/655366/i2ea591dad.jpg;копир/сканер, A3, печать: лазерная черно-белая, прямая, сканер: 600x600 dpi, скорость печати: ч/б - 45 стр/мин, вывод: 250 листов
Kyocera FS-C2626MFP;https://komp.1k.by//periphery-printers/kyocera/Kyocera_FS_C2626MFP-655367.html;https://static.1k.by/images/products/ip/125/p660000/p0/8/655367/iceb7f0d6f.jpg;копир/сканер/факс, A4, печать: лазерная цветная, прямая, 600x600 dpi, сканер: 600x600 dpi, скорость печати: ч/б - 26 стр/мин, цветн. - 26 стр/мин, вывод: 150 листов
Kyocera FS-C2126MFP+;https://komp.1k.by//periphery-printers/kyocera/Kyocera_FS_C2126MFP-655369.html;https://static.1k.by/images/products/ip/125/p660000/p6/e/655369/ic0ed39419.jpg;копир/сканер/факс, A4, печать: лазерная цветная, прямая, 600x600 dpi, сканер: 600x600 dpi, скорость печати: ч/б - 26 стр/мин, цветн. - 26 стр/мин, вывод: 150 листов
Kyocera FS-C2026MFP+;https://komp.1k.by//periphery-printers/kyocera/Kyocera_FS_C2026MFP-655370.html;https://static.1k.by/images/products/ip/125/p660000/pc/e/655370/i30172de31.jpg;копир/сканер, A4, печать: лазерная цветная, прямая, 600x600 dpi, сканер: 600x600 dpi, скорость печати: ч/б - 26 стр/мин, цветн. - 26 стр/мин, вывод: 150 листов
Kyocera FS-3640MFP;https://komp.1k.by//periphery-printers/kyocera/Kyocera_FS_3640MFP-655379.html;https://static.1k.by/images/products/ip/125/p660000/p5/a/655379/i9464cf5f4.jpg;копир/сканер/факс, A4, печать: лазерная черно-белая, прямая, сканер: 600x600 dpi, скорость печати: ч/б - 40 стр/мин, вывод: 500 листов
Kyocera FS-3140MFP+;https://komp.1k.by//periphery-printers/kyocera/Kyocera_FS_3140MFP-655380.html;https://static.1k.by/images/products/ip/125/p660000/pc/4/655380/ib2ebfc1da.jpg;копир/сканер/факс, A4, печать: лазерная черно-белая, прямая, сканер: 600x600 dpi, скорость печати: ч/б - 40 стр/мин, вывод: 500 листов
Kyocera FS-3040MFP+;https://komp.1k.by//periphery-printers/kyocera/Kyocera_FS_3040MFP-655381.html;https://static.1k.by/images/products/ip/125/p660000/pa/f/655381/i55379603a.jpg;копир/сканер, A4, печать: лазерная черно-белая, прямая, сканер: 600x600 dpi, скорость печати: ч/б - 40 стр/мин, вывод: 500 листов
Kyocera TASKalfa 4820w;https://komp.1k.by//periphery-printers/kyocera/Kyocera_TASKalfa_4820w-723135.html;https://static.1k.by/images/products/ip/125/p730000/p1/6/723135/i47c1084b4.jpg;копир/сканер, A0, печать: светодиодная черно-белая, сканер: 600x600 dpi, вывод: 50 листов
Kyocera FS-6530MFP;https://komp.1k.by//periphery-printers/kyocera/Kyocera_FS_6530MFP-743010.html;https://static.1k.by/images/products/ip/125/p750000/p1/d/743010/id5ecc0b31.jpg;копир/сканер, A3, печать: лазерная черно-белая, прямая, сканер: 600x600 dpi, скорость печати: ч/б - 30 стр/мин, вывод: 300 листов
Kyocera FS-2100DN;https://komp.1k.by//periphery-printers/kyocera/Kyocera_FS_2100DN-762597.html;https://static.1k.by/images/products/ip/125/p770000/p2/7/762597/i48f7dd522.jpg;A4, печать: лазерная черно-белая, прямая, скорость печати: ч/б - 40 стр/мин, вывод: 250 листов
Kyocera TASKalfa 2550ci;https://komp.1k.by//periphery-printers/kyocera/Kyocera_TASKalfa_2550ci-766930.html;https://static.1k.by/images/products/ip/125/p770000/p5/e/766930/i161945ae4.jpg;копир/сканер, A3, печать: лазерная цветная, прямая, 9600x600 dpi, сканер: 600x600 dpi, скорость печати: ч/б - 25 стр/мин, цветн. - 25 стр/мин, вывод: 280 листов
Kyocera FS-4300DN;https://komp.1k.by//periphery-printers/kyocera/Kyocera_FS_4300DN-769871.html;https://static.1k.by/images/products/ip/125/p770000/pf/7/769871/i35318a7b8.jpg;A4, печать: лазерная черно-белая, прямая, скорость печати: ч/б - 60 стр/мин, вывод: 500 листов
Kyocera FS-C1020MFP+;https://komp.1k.by//periphery-printers/kyocera/Kyocera_FS_C1020MFP-778321.html;https://static.1k.by/images/products/ip/125/p780000/p6/4/778321/ib2129f7c4.jpg;копир/сканер/факс, A4, печать: лазерная цветная, прямая, 2400x600 dpi, сканер: 1200x1200 dpi, скорость печати: ч/б - 20 стр/мин, цветн. - 20 стр/мин, вывод: 150 листов
Kyocera FS-C8525MFP;https://komp.1k.by//periphery-printers/kyocera/Kyocera_FS_C8525MFP-783785.html;https://static.1k.by/images/products/ip/125/p790000/p9/a/783785/ie147dabf1.jpg;копир/сканер/факс, A3, печать: лазерная цветная, прямая, 600x600 dpi, сканер: 600x600 dpi, скорость печати: ч/б - 25 стр/мин, цветн. - 25 стр/мин
Kyocera FS-C8520MFP;https://komp.1k.by//periphery-printers/kyocera/Kyocera_FS_C8520MFP-783786.html;https://static.1k.by/images/products/ip/125/p790000/p2/8/783786/i38bf1a792.jpg;копир/сканер/факс, A3, печать: лазерная цветная, прямая, 600x600 dpi, сканер: 600x600 dpi, скорость печати: ч/б - 20 стр/мин, цветн. - 20 стр/мин, вывод: 280 листов
Kyocera FS-1041;https://komp.1k.by//periphery-printers/kyocera/Kyocera_FS_1041-783788.html;https://static.1k.by/images/products/ip/125/p790000/pd/f/783788/i1c4e235ad.jpg;A4 черно-белая, скорость печати: ч/б - 20 стр/мин, вывод: 150 листов
Kyocera ECOSYS M3560idn;https://komp.1k.by//periphery-printers/kyocera/Kyocera_ECOSYS_M3560idn-1315743.html;https://static.1k.by/images/products/ip/125/pp2/b/1315743/i756245d91.jpg;копир/сканер/факс, A4, печать: лазерная черно-белая, прямая, сканер: 600x600 dpi, скорость печати: ч/б - 60 стр/мин, вывод: 500 листов
Kyocera TASKalfa 220;https://komp.1k.by//periphery-printers/kyocera/Kyocera_TASKalfa_220-1348969.html;https://static.1k.by/images/products/ip/125/ppb/b/1348969/i256bc8bbc.jpg;копир, A3, печать: лазерная черно-белая, скорость печати: ч/б - 22 стр/мин, вывод: 250 листов
Kyocera ECOSYS M6026cidn;https://komp.1k.by//periphery-printers/kyocera/Kyocera_ECOSYS_M6026cidn-1349291.html;https://static.1k.by/images/products/ip/125/ppe/0/1349291/ibc95c0283.jpg;копир/сканер, A4, печать: лазерная цветная, прямая, 9600x600 dpi, сканер: 600x600 dpi, скорость печати: ч/б - 26 стр/мин, цветн. - 26 стр/мин, вывод: 150 листов, airPrint
Kyocera TASKalfa 3010i;https://komp.1k.by//periphery-printers/kyocera/Kyocera_TASKalfa_3010i-1381389.html;https://static.1k.by/images/products/ip/125/ppc/d/1381389/i874978aec.jpg;копир/сканер/факс, A3, печать: лазерная черно-белая, прямая, сканер: 600x600 dpi, скорость печати: ч/б - 30 стр/мин, вывод: 250 листов
Kyocera TASKalfa 3510i;https://komp.1k.by//periphery-printers/kyocera/Kyocera_TASKalfa_3510i-1381391.html;https://static.1k.by/images/products/ip/125/pp7/6/1381391/i3d11a44b5.jpg;копир/сканер/факс, A3, печать: лазерная черно-белая, прямая, сканер: 600x600 dpi, скорость печати: ч/б - 35 стр/мин, вывод: 250 листов
Kyocera ECOSYS M6535cidn;https://komp.1k.by//periphery-printers/kyocera/Kyocera_ECOSYS_M6535cidn-2160561.html;https://static.1k.by/images/products/ip/125/pp4/3/2160561/ib8f83f529.jpg;копир/сканер/факс, A4, печать: лазерная цветная, прямая, 9600x600 dpi, сканер: 600x600 dpi, скорость печати: ч/б - 35 стр/мин, цветн. - 35 стр/мин, вывод: 250 листов, airPrint
Kyocera ECOSYS M6530cdn;https://komp.1k.by//periphery-printers/kyocera/Kyocera_ECOSYS_M6530cdn-2160563.html;https://static.1k.by/images/products/ip/125/pp3/1/2160563/i611787e8e.jpg;копир/сканер/факс, A4, печать: лазерная цветная, прямая, 9600x600 dpi, сканер: 600x600 dpi, скорость печати: ч/б - 30 стр/мин, цветн. - 30 стр/мин, вывод: 250 листов, airPrint
Kyocera ECOSYS P6035cdn;https://komp.1k.by//periphery-printers/kyocera/Kyocera_ECOSYS_P6035cdn-2160569.html;https://static.1k.by/images/products/ip/125/ppe/2/2160569/if179f4ff4.jpg;A4, печать: лазерная цветная, прямая, 9600x600 dpi, скорость печати: ч/б - 35 стр/мин, цветн. - 35 стр/мин, вывод: 500 листов, airPrint
Kyocera FS-1220MFP;https://komp.1k.by//periphery-printers/kyocera/Kyocera_FS_1220MFP-2400845.html;https://static.1k.by/images/products/ip/125/ppb/1/2400845/i01ae418fe.jpg;копир/сканер, A4, печать: лазерная черно-белая, сканер: 600x600 dpi, скорость печати: ч/б - 20 стр/мин, вывод: 100 листов
Kyocera FS-1325MFP;https://komp.1k.by//periphery-printers/kyocera/Kyocera_FS_1325MFP-2401175.html;https://static.1k.by/images/products/ip/125/pp3/3/2401175/id82134276.jpg;копир/сканер/факс, A4, печать: лазерная черно-белая, сканер: 600x600 dpi, скорость печати: ч/б - 25 стр/мин, вывод: 100 листов
Kyocera FS-1320MFP;https://komp.1k.by//periphery-printers/kyocera/Kyocera_FS_1320MFP-2401407.html;https://static.1k.by/images/products/ip/125/pp7/1/2401407/i50aff7381.jpg;копир/сканер/факс, A4, печать: лазерная черно-белая, сканер: 600x600 dpi, скорость печати: ч/б - 20 стр/мин, вывод: 100 листов
Kyocera TASKalfa 406ci;https://komp.1k.by//periphery-printers/kyocera/Kyocera_TASKalfa_406ci-2568627.html;https://static.1k.by/images/products/ip/125/ppa/6/2568627/i6430d1ed0.jpg;копир/сканер/факс, A4, печать: лазерная цветная, прямая, 9600x600 dpi, сканер: 600x600 dpi, скорость печати: ч/б - 40 стр/мин, цветн. - 40 стр/мин, вывод: 500 листов
Kyocera TASKalfa 306ci;https://komp.1k.by//periphery-printers/kyocera/Kyocera_TASKalfa_306ci-2568629.html;https://static.1k.by/images/products/ip/125/ppd/2/2568629/i576f3ce55.jpg;копир/сканер/факс, A4, печать: лазерная цветная, прямая, 9600x600 dpi, сканер: 600x600 dpi, скорость печати: ч/б - 30 стр/мин, цветн. - 30 стр/мин, вывод: 500 листов
Kyocera TASKalfa 356ci;https://komp.1k.by//periphery-printers/kyocera/Kyocera_TASKalfa_356ci-2568631.html;https://static.1k.by/images/products/ip/125/pp9/a/2568631/id20be474a.jpg;копир/сканер/факс, A4, печать: лазерная цветная, прямая, 9600x600 dpi, сканер: 600x600 dpi, скорость печати: ч/б - 35 стр/мин, цветн. - 35 стр/мин, вывод: 500 листов
Kyocera TASKalfa 4052ci;https://komp.1k.by//periphery-printers/kyocera/Kyocera_TASKalfa_4052ci-2661103.html;https://static.1k.by/images/products/ip/125/pp4/b/2661103/i648546248.jpg;копир/сканер/факс, A3, печать: лазерная цветная, прямая, 1200x1200 dpi, сканер: 600x600 dpi, скорость печати: ч/б - 40 стр/мин, цветн. - 40 стр/мин, вывод: 500 листов
Kyocera TASKalfa 5002i;https://komp.1k.by//periphery-printers/kyocera/Kyocera_TASKalfa_5002i-2662255.html;https://static.1k.by/images/products/ip/125/pp2/7/2662255/i0da2edec0.jpg;копир/сканер/факс, A3, печать: лазерная черно-белая, прямая, сканер: 600x600 dpi, скорость печати: ч/б - 50 стр/мин, вывод: 500 листов
Kyocera TASKalfa 3252ci;https://komp.1k.by//periphery-printers/kyocera/Kyocera_TASKalfa_3252ci-2700653.html;https://static.1k.by/images/products/ip/125/pp9/3/2700653/i968d7cc56.jpg;копир/сканер, A3, печать: лазерная цветная, прямая, 1200x1200 dpi, сканер: 600x600 dpi, скорость печати: ч/б - 32 стр/мин, цветн. - 32 стр/мин, вывод: 500 листов, airPrint
Kyocera TASKalfa 6052ci;https://komp.1k.by//periphery-printers/kyocera/Kyocera_TASKalfa_6052ci-2701617.html;https://static.1k.by/images/products/ip/125/pp2/d/2701617/i958ec38a0.jpg;копир/сканер, A3, печать: лазерная цветная, прямая, 1200x1200 dpi, сканер: 600x600 dpi, скорость печати: ч/б - 55 стр/мин, цветн. - 55 стр/мин, вывод: 500 листов, airPrint
Kyocera TASKalfa 5052ci;https://komp.1k.by//periphery-printers/kyocera/Kyocera_TASKalfa_5052ci-2701619.html;https://static.1k.by/images/products/ip/125/pp7/a/2701619/i585a3e2ed.jpg;копир/сканер, A3, печать: лазерная цветная, прямая, 1200x1200 dpi, сканер: 600x600 dpi, скорость печати: ч/б - 50 стр/мин, цветн. - 50 стр/мин, вывод: 500 листов, airPrint
Kyocera TASKalfa 6002i;https://komp.1k.by//periphery-printers/kyocera/Kyocera_TASKalfa_6002i-2701621.html;https://static.1k.by/images/products/ip/125/pp7/4/2701621/i5611b2923.jpg;копир/сканер, A3, печать: лазерная черно-белая, прямая, сканер: 600x600 dpi, скорость печати: ч/б - 60 стр/мин, вывод: 500 листов, airPrint
Kyocera TASKalfa 3511i;https://komp.1k.by//periphery-printers/kyocera/Kyocera_TASKalfa_3511i-2733979.html;https://static.1k.by/images/products/ip/125/pp2/e/2733979/i2ce489a79.jpg;копир/сканер, A3, печать: лазерная черно-белая, прямая, сканер: 600x600 dpi, скорость печати: ч/б - 35 стр/мин, вывод: 250 листов
Kyocera TASKalfa 350ci;https://komp.1k.by//periphery-printers/kyocera/Kyocera_TASKalfa_350ci-3032329.html;https://static.1k.by/images/products/ip/125/pp6/9/3032329/ie7835ee69.jpg;копир/сканер/факс, A4, печать: лазерная цветная, прямая, 600x600 dpi, сканер: 600x600 dpi, скорость печати: ч/б - 35 стр/мин, цветн. - 35 стр/мин, вывод: 250 листов
Kyocera TASKalfa 7052ci;https://komp.1k.by//periphery-printers/kyocera/Kyocera_TASKalfa_7052ci-3032335.html;https://static.1k.by/images/products/ip/125/pp6/f/3032335/i23bae267b.jpg;копир/сканер, A3, печать: лазерная цветная, прямая, 1200x1200 dpi, сканер: 600x600 dpi, скорость печати: ч/б - 70 стр/мин, цветн. - 65 стр/мин
Kyocera TASKalfa 8052ci;https://komp.1k.by//periphery-printers/kyocera/Kyocera_TASKalfa_8052ci-3032337.html;https://static.1k.by/images/products/ip/125/pp1/e/3032337/i09a3fe6a5.jpg;копир/сканер, A3, печать: лазерная цветная, прямая, 1200x1200 dpi, сканер: 600x600 dpi, скорость печати: ч/б - 80 стр/мин, цветн. - 70 стр/мин
KYOCERA Document Solutions ECOSYS M4125idn;https://komp.1k.by//periphery-printers/kyocera/KYOCERA_Document_Solutions_ECOSYS_M4125idn-3155743.html;https://static.1k.by/images/products/ip/125/pp3/7/3155743/i7b35c1994.jpg;копир/сканер, A3, печать: лазерная черно-белая, прямая, сканер: 600x600 dpi, скорость печати: ч/б - 25 стр/мин, вывод: 300 листов, airPrint
KYOCERA TASKalfa 6053ci;https://komp.1k.by//periphery-printers/kyocera/KYOCERA_TASKalfa_6053ci-3568833.html;https://static.1k.by/images/products/ip/125/pp4/3/3568833/i4a85b9100.jpg;копир/сканер, A3, печать: лазерная цветная, прямая, 4800x1200 dpi, сканер: 600x600 dpi, скорость печати: ч/б - 60 стр/мин, цветн. - 55 стр/мин, вывод: 500 листов, airPrint
KYOCERA TASKalfa 5003i;https://komp.1k.by//periphery-printers/kyocera/KYOCERA_TASKalfa_5003i-3568835.html;https://static.1k.by/images/products/ip/125/ppc/f/3568835/iae3c66169.jpg;копир/сканер/факс, A3, печать: лазерная черно-белая, прямая, сканер: 600x600 dpi, скорость печати: ч/б - 50 стр/мин, вывод: 500 листов, airPrint
KYOCERA TASKalfa 4053ci;https://komp.1k.by//periphery-printers/kyocera/KYOCERA_TASKalfa_4053ci-3652697.html;https://static.1k.by/images/products/ip/125/pp0/c/3652697/i0304a9d86.jpg;копир/сканер, A3, печать: лазерная цветная, прямая, 4800x1200 dpi, сканер: 600x600 dpi, скорость печати: ч/б - 40 стр/мин, цветн. - 40 стр/мин, вывод: 500 листов, airPrint
KYOCERA TASKalfa 6003i;https://komp.1k.by//periphery-printers/kyocera/KYOCERA_TASKalfa_6003i-3663503.html;https://static.1k.by/images/products/ip/125/pp3/a/3663503/i6f6aa65c4.jpg;копир/сканер, A3, печать: лазерная черно-белая, прямая, сканер: 600x600 dpi, скорость печати: ч/б - 60 стр/мин, вывод: 500 листов, airPrint
Kyocera KM-5050;https://komp.1k.by//periphery-printers/kyocera/Kyocera_KM_5050-80458.html;https://static.1k.by/images/products/ip/125/p90000/p2/1/80458/m22c0d7eb5.jpg;копир/сканер, A3, печать: лазерная черно-белая, сканер: 600x600 dpi, скорость печати: ч/б - 50 стр/мин, вывод: 250 листов
Kyocera FS-C5015DN;https://komp.1k.by//periphery-printers/kyocera/Kyocera_FS_C5015DN-81579.html;https://static.1k.by/images/products/ip/125/p90000/p4/a/81579/m28d4fbed3.jpg;A4, печать: лазерная цветная, прямая, 600x600 dpi, скорость печати: ч/б - 16 стр/мин, цветн. - 16 стр/мин, вывод: 250 листов
Kyocera FS-C5016N;https://komp.1k.by//periphery-printers/kyocera/Kyocera_FS_C5016N-81581.html;https://static.1k.by/images/products/ip/125/p90000/p6/4/81581/ma6fc2d657.jpg;A4, печать: лазерная цветная, 600x600 dpi, скорость печати: ч/б - 16 стр/мин, цветн. - 16 стр/мин, вывод: 250 листов
Kyocera FS-C5025DN;https://komp.1k.by//periphery-printers/kyocera/Kyocera_FS_C5025DN-81583.html;https://static.1k.by/images/products/ip/125/p90000/pe/2/81583/m1c25c3a9b.jpg;A4, печать: лазерная цветная, прямая, 600x600 dpi, скорость печати: ч/б - 20 стр/мин, цветн. - 20 стр/мин, вывод: 250 листов
Kyocera FS-C5025N;https://komp.1k.by//periphery-printers/kyocera/Kyocera_FS_C5025N-81584.html;https://static.1k.by/images/products/ip/125/p90000/p3/a/81584/m27232e5b0.jpg;A4, печать: лазерная цветная, прямая, 600x600 dpi, скорость печати: ч/б - 20 стр/мин, цветн. - 20 стр/мин, вывод: 250 листов
Kyocera FS-C5030N;https://komp.1k.by//periphery-printers/kyocera/Kyocera_FS_C5030N-81585.html;https://static.1k.by/images/products/ip/125/p90000/pc/2/81585/m2a4231e4a.jpg;A4, печать: лазерная цветная, прямая, 600x600 dpi, скорость печати: ч/б - 24 стр/мин, цветн. - 24 стр/мин, вывод: 250 листов
Kyocera FS-C8008DN;https://komp.1k.by//periphery-printers/kyocera/Kyocera_FS_C8008DN-81586.html;https://static.1k.by/images/products/ip/125/p90000/p6/1/81586/m6859fb184.jpg;A3, печать: лазерная цветная, 600x600 dpi, скорость печати: ч/б - 31 стр/мин, цветн. - 8 стр/мин, вывод: 650 листов
Kyocera FS-C8008N;https://komp.1k.by//periphery-printers/kyocera/Kyocera_FS_C8008N-81587.html;https://static.1k.by/images/products/ip/125/p90000/pf/7/81587/m117028e01.jpg;A3, печать: лазерная цветная, 600x600 dpi, скорость печати: ч/б - 31 стр/мин, цветн. - 8 стр/мин, вывод: 650 листов
Kyocera FS-C8026N;https://komp.1k.by//periphery-printers/kyocera/Kyocera_FS_C8026N-81588.html;https://static.1k.by/images/products/ip/125/p90000/p0/e/81588/mf8fa9bb41.jpg;A3, печать: лазерная цветная, прямая, 600x600 dpi, скорость печати: ч/б - 26 стр/мин, цветн. - 13 стр/мин, вывод: 500 листов
Kyocera FS-C8100DN;https://komp.1k.by//periphery-printers/kyocera/Kyocera_FS_C8100DN-81589.html;https://static.1k.by/images/products/ip/125/p90000/p6/8/81589/mead0d501d.jpg;A3, печать: лазерная цветная, прямая, 600x600 dpi, скорость печати: ч/б - 32 стр/мин, цветн. - 32 стр/мин, вывод: 500 листов
Kyocera KM-4050;https://komp.1k.by//periphery-printers/kyocera/Kyocera_KM_4050-81597.html;https://static.1k.by/images/products/ip/125/p90000/pa/2/81597/md7f35c628.jpg;копир/сканер, A3, печать: лазерная черно-белая, сканер: 600x600 dpi, скорость печати: ч/б - 40 стр/мин, вывод: 250 листов
Kyocera Ci-1100;https://komp.1k.by//periphery-printers/kyocera/Kyocera_Ci_1100-87950.html;https://static.1k.by/images/products/ip/125/p90000/pe/4/87950/mda7268aaa.jpg;A4, печать: лазерная цветная, 1200x1200 dpi, скорость печати: ч/б - 16 стр/мин, цветн. - 4 стр/мин
Kyocera DP-1400;https://komp.1k.by//periphery-printers/kyocera/Kyocera_DP_1400-87951.html;https://static.1k.by/images/products/ip/125/p90000/p0/6/87951/m4c18d285b.jpg;A4, печать: лазерная черно-белая, скорость печати: ч/б - 14 стр/мин, вывод: 350 листов
Kyocera FS-1000+;https://komp.1k.by//periphery-printers/kyocera/Kyocera_FS_1000-87952.html;https://static.1k.by/images/products/ip/125/p90000/p3/1/87952/m5129b30f0.jpg;A4, печать: лазерная черно-белая, скорость печати: ч/б - 12 стр/мин, вывод: 150 листов
Kyocera FS-1020DN;https://komp.1k.by//periphery-printers/kyocera/Kyocera_FS_1020DN-87957.html;https://static.1k.by/images/products/ip/125/p90000/pd/d/87957/m06cedb88c.jpg;A4, печать: лазерная черно-белая, скорость печати: ч/б - 20 стр/мин, вывод: 250 листов
Kyocera FS-1030D;https://komp.1k.by//periphery-printers/kyocera/Kyocera_FS_1030D-87958.html;https://static.1k.by/images/products/ip/125/p90000/p6/d/87958/m16c566369.jpg;A4, печать: лазерная черно-белая, скорость печати: ч/б - 22 стр/мин, вывод: 250 листов
Kyocera FS-1030DN;https://komp.1k.by//periphery-printers/kyocera/Kyocera_FS_1030DN-87959.html;https://static.1k.by/images/products/ip/125/p90000/p8/5/87959/ma83f62c2e.jpg;A4, печать: лазерная черно-белая, скорость печати: ч/б - 22 стр/мин, вывод: 250 листов
Kyocera FS-1050;https://komp.1k.by//periphery-printers/kyocera/Kyocera_FS_1050-88860.html;https://static.1k.by/images/products/ip/125/p90000/p9/f/88860/md7657cc31.jpg;A4, печать: лазерная черно-белая, скорость печати: ч/б - 14 стр/мин, вывод: 150 листов
Kyocera FS-1050N;https://komp.1k.by//periphery-printers/kyocera/Kyocera_FS_1050N-88861.html;https://static.1k.by/images/products/ip/125/p90000/p8/d/88861/m560f937a1.jpg;A4, печать: лазерная черно-белая, скорость печати: ч/б - 14 стр/мин, вывод: 150 листов
Kyocera FS-1200;https://komp.1k.by//periphery-printers/kyocera/Kyocera_FS_1200-88864.html;https://static.1k.by/images/products/ip/125/p90000/p0/6/88864/m384cec464.jpg;A4, печать: лазерная черно-белая, скорость печати: ч/б - 12 стр/мин, вывод: 250 листов
Kyocera FS-1750;https://komp.1k.by//periphery-printers/kyocera/Kyocera_FS_1750-88865.html;https://static.1k.by/images/products/ip/125/p90000/p7/7/88865/md6705ada7.jpg;A4, печать: лазерная черно-белая, скорость печати: ч/б - 14 стр/мин, вывод: 250 листов
Kyocera FS-1800;https://komp.1k.by//periphery-printers/kyocera/Kyocera_FS_1800-88866.html;https://static.1k.by/images/products/ip/125/p90000/p4/5/88866/m84229737d.jpg;A4, печать: лазерная черно-белая, скорость печати: ч/б - 16 стр/мин, вывод: 100 листов
Kyocera FS-1900;https://komp.1k.by//periphery-printers/kyocera/Kyocera_FS_1900-88867.html;https://static.1k.by/images/products/ip/125/p90000/pe/8/88867/mbbbff32e7.jpg;A4, печать: лазерная черно-белая, скорость печати: ч/б - 18 стр/мин, вывод: 250 листов
Kyocera FS-1900N;https://komp.1k.by//periphery-printers/kyocera/Kyocera_FS_1900N-88868.html;https://static.1k.by/images/products/ip/125/p90000/p5/7/88868/m8ee57ef98.jpg;A4, печать: лазерная черно-белая, скорость печати: ч/б - 18 стр/мин, вывод: 250 листов
Kyocera FS-1920N;https://komp.1k.by//periphery-printers/kyocera/Kyocera_FS_1920N-88870.html;https://static.1k.by/images/products/ip/125/p90000/p7/6/88870/m0995818c1.jpg;A4, печать: лазерная, скорость печати: ч/б - 28 стр/мин, вывод: 500 листов
Kyocera FS-2000DN;https://komp.1k.by//periphery-printers/kyocera/Kyocera_FS_2000DN-88872.html;https://static.1k.by/images/products/ip/125/p90000/p6/6/88872/me61d2b129.jpg;A4, печать: лазерная черно-белая, прямая, скорость печати: ч/б - 30 стр/мин, вывод: 250 листов
Kyocera FS-3800;https://komp.1k.by//periphery-printers/kyocera/Kyocera_FS_3800-88873.html;https://static.1k.by/images/products/ip/125/p90000/p7/f/88873/m38bd34958.jpg;A4, печать: лазерная черно-белая, скорость печати: ч/б - 24 стр/мин, вывод: 250 листов
Kyocera FS-3820DN;https://komp.1k.by//periphery-printers/kyocera/Kyocera_FS_3820DN-88874.html;https://static.1k.by/images/products/ip/125/p90000/pd/9/88874/m30731da71.jpg;A4, печать: лазерная черно-белая, скорость печати: ч/б - 33 стр/мин, вывод: 250 листов
Kyocera FS-3820N;https://komp.1k.by//periphery-printers/kyocera/Kyocera_FS_3820N-88875.html;https://static.1k.by/images/products/ip/125/p90000/pa/0/88875/m7222c321c.jpg;A4, печать: лазерная черно-белая, прямая, скорость печати: ч/б - 28 стр/мин, вывод: 250 листов
Kyocera FS-3830DN;https://komp.1k.by//periphery-printers/kyocera/Kyocera_FS_3830DN-88876.html;https://static.1k.by/images/products/ip/125/p90000/p4/b/88876/m5bb9f7989.jpg;A4, печать: лазерная черно-белая, скорость печати: ч/б - 33 стр/мин, вывод: 250 листов
Kyocera FS-3830N;https://komp.1k.by//periphery-printers/kyocera/Kyocera_FS_3830N-88877.html;https://static.1k.by/images/products/ip/125/p90000/pb/f/88877/m7e0174a64.jpg;A4, печать: лазерная, скорость печати: ч/б - 33 стр/мин, вывод: 250 листов
Kyocera FS-3900DN;https://komp.1k.by//periphery-printers/kyocera/Kyocera_FS_3900DN-88878.html;https://static.1k.by/images/products/ip/125/p90000/pd/4/88878/mb53847bbd.jpg;A4, печать: лазерная черно-белая, прямая, скорость печати: ч/б - 35 стр/мин, вывод: 500 листов
Kyocera FS-4000DN;https://komp.1k.by//periphery-printers/kyocera/Kyocera_FS_4000DN-88879.html;https://static.1k.by/images/products/ip/125/p90000/p2/7/88879/m604443b58.jpg;A4, печать: лазерная черно-белая, прямая, скорость печати: ч/б - 45 стр/мин, вывод: 500 листов
Kyocera FS-5900C;https://komp.1k.by//periphery-printers/kyocera/Kyocera_FS_5900C-93760.html;https://static.1k.by/images/products/ip/125/p100000/p5/3/93760/m3ec89b3a8.jpg;печать: лазерная цветная, 600x600 dpi, скорость печати: ч/б - 16 стр/мин, цветн. - 5 стр/мин, вывод: 500 листов
Kyocera FS-6020;https://komp.1k.by//periphery-printers/kyocera/Kyocera_FS_6020-93761.html;https://static.1k.by/images/products/ip/125/p100000/p9/e/93761/m20a094e0e.jpg;A3, печать: лазерная черно-белая, скорость печати: ч/б - 20 стр/мин, вывод: 250 листов
Kyocera FS-6020N;https://komp.1k.by//periphery-printers/kyocera/Kyocera_FS_6020N-93762.html;https://static.1k.by/images/products/ip/125/p100000/p9/d/93762/m911cb8494.jpg;A3, печать: лазерная черно-белая, скорость печати: ч/б - 20 стр/мин, вывод: 250 листов
Kyocera FS-6700;https://komp.1k.by//periphery-printers/kyocera/Kyocera_FS_6700-93763.html;https://static.1k.by/images/products/ip/125/p100000/p8/6/93763/m26d340475.jpg;A3, печать: лазерная черно-белая, скорость печати: ч/б - 11 стр/мин, вывод: 350 листов
Kyocera FS-6900;https://komp.1k.by//periphery-printers/kyocera/Kyocera_FS_6900-93765.html;https://static.1k.by/images/products/ip/125/p100000/p4/4/93765/m7dc3ec328.jpg;A3, печать: лазерная черно-белая, скорость печати: ч/б - 25 стр/мин, вывод: 100 листов
Kyocera FS-6950DN;https://komp.1k.by//periphery-printers/kyocera/Kyocera_FS_6950DN-93766.html;https://static.1k.by/images/products/ip/125/p100000/p0/e/93766/m20200353b.jpg;A3, печать: лазерная черно-белая, прямая, скорость печати: ч/б - 32 стр/мин, вывод: 250 листов
Kyocera FS-7000+;https://komp.1k.by//periphery-printers/kyocera/Kyocera_FS_7000-93767.html;https://static.1k.by/images/products/ip/125/p100000/p9/9/93767/m7e55fc93d.jpg;A3, печать: лазерная черно-белая, скорость печати: ч/б - 16 стр/мин, вывод: 500 листов
Kyocera FS-8000C;https://komp.1k.by//periphery-printers/kyocera/Kyocera_FS_8000C-93769.html;https://static.1k.by/images/products/ip/125/p100000/p4/4/93769/ma7731e67d.jpg;A3, печать: лазерная цветная, 600x600 dpi, скорость печати: ч/б - 30 стр/мин, цветн. - 8 стр/мин, вывод: 500 листов
Kyocera FS-8000CN;https://komp.1k.by//periphery-printers/kyocera/Kyocera_FS_8000CN-93770.html;https://static.1k.by/images/products/ip/125/p100000/p0/9/93770/ma53f8afdf.jpg;A3, печать: лазерная цветная, 600x600 dpi, скорость печати: ч/б - 30 стр/мин, цветн. - 8 стр/мин, вывод: 500 листов
Kyocera FS-9100DN;https://komp.1k.by//periphery-printers/kyocera/Kyocera_FS_9100DN-93773.html;https://static.1k.by/images/products/ip/125/p100000/p0/a/93773/m9afb36c72.jpg;A3, печать: лазерная черно-белая, скорость печати: ч/б - 36 стр/мин, вывод: 500 листов
Kyocera FS-9120DN;https://komp.1k.by//periphery-printers/kyocera/Kyocera_FS_9120DN-93774.html;https://static.1k.by/images/products/ip/125/p100000/pb/d/93774/m5f8c39ea6.jpg;A3, печать: лазерная, скорость печати: ч/б - 36 стр/мин, вывод: 500 листов
Kyocera FS-920N;https://komp.1k.by//periphery-printers/kyocera/Kyocera_FS_920N-93777.html;https://static.1k.by/images/products/ip/125/p100000/p2/6/93777/m63f7b559e.jpg;A4, печать: лазерная черно-белая, прямая, скорость печати: ч/б - 18 стр/мин, вывод: 100 листов
Kyocera FS-9500;https://komp.1k.by//periphery-printers/kyocera/Kyocera_FS_9500-93778.html;https://static.1k.by/images/products/ip/125/p100000/pa/8/93778/m675dba964.jpg;A3, печать: лазерная черно-белая, скорость печати: ч/б - 50 стр/мин, вывод: 200 листов
Kyocera FS-9520DN;https://komp.1k.by//periphery-printers/kyocera/Kyocera_FS_9520DN-93779.html;https://static.1k.by/images/products/ip/125/p100000/p9/4/93779/mefe7a8cd0.jpg;A3, печать: лазерная, скорость печати: ч/б - 51 стр/мин, вывод: 500 листов
Kyocera FS-1100N;https://komp.1k.by//periphery-printers/kyocera/Kyocera_FS_1100N-138561.html;https://static.1k.by/images/products/ip/125/p140000/p6/3/138561/m0c216d8e9.jpg;A4, печать: лазерная черно-белая, скорость печати: ч/б - 28 стр/мин, вывод: 250 листов
Kyocera FS-1300DN;https://komp.1k.by//periphery-printers/kyocera/Kyocera_FS_1300DN-138562.html;https://static.1k.by/images/products/ip/125/p140000/pf/e/138562/m13d8485c4.jpg;A4, печать: лазерная черно-белая, скорость печати: ч/б - 28 стр/мин, вывод: 250 листов
Kyocera KM-C4035E;https://komp.1k.by//periphery-printers/kyocera/Kyocera_KM_C4035E-139296.html;https://static.1k.by/images/products/ip/125/p140000/pa/d/139296/m0040f0a69.jpg;копир/сканер, A3, печать: лазерная цветная, 600x600 dpi, сканер: 600x600 dpi, скорость печати: ч/б - 40 стр/мин, цветн. - 35 стр/мин, вывод: 250 листов
Kyocera KM-6030;https://komp.1k.by//periphery-printers/kyocera/Kyocera_KM_6030-139543.html;https://static.1k.by/images/products/ip/125/p140000/p8/0/139543/mcb8ab18eb.jpg;копир, A3, печать: лазерная черно-белая, вывод: 250 листов
Kyocera KM-8030;https://komp.1k.by//periphery-printers/kyocera/Kyocera_KM_8030-139544.html;https://static.1k.by/images/products/ip/125/p140000/p4/7/139544/m1f0b81b27.jpg;копир, A3, печать: лазерная черно-белая, вывод: 250 листов
Kyocera FS-C5100DN;https://komp.1k.by//periphery-printers/kyocera/Kyocera_FS_C5100DN-211349.html;https://static.1k.by/images/products/ip/125/p220000/p9/8/211349/ic8b806dbc.jpg;A4, печать: лазерная цветная, прямая, 9600x600 dpi, скорость печати: ч/б - 21 стр/мин, цветн. - 21 стр/мин, вывод: 250 листов
Kyocera FS-C5200DN;https://komp.1k.by//periphery-printers/kyocera/Kyocera_FS_C5200DN-211350.html;https://static.1k.by/images/products/ip/125/p220000/pa/9/211350/i0db380183.jpg;A4, печать: лазерная цветная, прямая, 9600x600 dpi, скорость печати: ч/б - 21 стр/мин, цветн. - 21 стр/мин, вывод: 250 листов
Kyocera FS-C5300DN;https://komp.1k.by//periphery-printers/kyocera/Kyocera_FS_C5300DN-211351.html;https://static.1k.by/images/products/ip/125/p220000/pd/6/211351/i68ba72449.jpg;A4, печать: лазерная цветная, прямая, 9600x600 dpi, скорость печати: ч/б - 26 стр/мин, цветн. - 26 стр/мин, вывод: 250 листов
Kyocera FS-1350DN;https://komp.1k.by//periphery-printers/kyocera/Kyocera_FS_1350DN-212386.html;https://static.1k.by/images/products/ip/125/p220000/p0/e/212386/iff7b92e66.jpg;A4, печать: лазерная черно-белая, прямая, скорость печати: ч/б - 30 стр/мин, вывод: 250 листов
Kyocera TASKalfa 300ci;https://komp.1k.by//periphery-printers/kyocera/Kyocera_TASKalfa_300ci-212395.html;https://static.1k.by/images/products/ip/125/p220000/p6/0/212395/i9572877e7.jpg;копир/сканер/факс, A3, печать: лазерная цветная, 600x600 dpi, сканер: 200x400 dpi, скорость печати: ч/б - 30 стр/мин, цветн. - 30 стр/мин, вывод: 250 листов
Kyocera TASKalfa 400ci;https://komp.1k.by//periphery-printers/kyocera/Kyocera_TASKalfa_400ci-212396.html;https://static.1k.by/images/products/ip/125/p220000/pf/d/212396/i7021f1268.jpg;копир/сканер/факс, A3, печать: лазерная цветная, 600x600 dpi, сканер: 200x400 dpi, скорость печати: ч/б - 40 стр/мин, цветн. - 40 стр/мин, вывод: 250 листов
Kyocera TASKalfa 500ci;https://komp.1k.by//periphery-printers/kyocera/Kyocera_TASKalfa_500ci-212397.html;https://static.1k.by/images/products/ip/125/p220000/p1/c/212397/ia7a257daf.jpg;копир/сканер/факс, A3, печать: лазерная цветная, 600x600 dpi, сканер: 200x400 dpi, скорость печати: ч/б - 50 стр/мин, цветн. - 40 стр/мин, вывод: 250 листов
Kyocera FS-C1020MFPe;https://komp.1k.by//periphery-printers/kyocera/Kyocera_FS_C1020MFPe-270501.html;https://static.1k.by/images/products/ip/125/p280000/p1/d/270501/ifae763fe5.jpg;копир/сканер/факс, A4, печать: лазерная цветная, 2400x600 dpi, сканер: 1200x1200 dpi, скорость печати: ч/б - 20 стр/мин, цветн. - 20 стр/мин, вывод: 150 листов
Kyocera TASKalfa 221;https://komp.1k.by//periphery-printers/kyocera/Kyocera_TASKalfa_221-274938.html;https://static.1k.by/images/products/ip/125/p280000/pe/2/274938/ic74aa680e.jpg;копир, A3, печать: лазерная черно-белая, скорость печати: ч/б - 22 стр/мин, вывод: 250 листов
Kyocera TASKalfa 300i;https://komp.1k.by//periphery-printers/kyocera/Kyocera_TASKalfa_300i-366495.html;https://static.1k.by/images/products/ip/125/p370000/pc/0/366495/i320c2a51f.jpg;копир/сканер, A3, печать: лазерная черно-белая, сканер: 600x600 dpi, скорость печати: ч/б - 30 стр/мин, вывод: 250 листов
Kyocera TASKalfa 420i;https://komp.1k.by//periphery-printers/kyocera/Kyocera_TASKalfa_420i-366496.html;https://static.1k.by/images/products/ip/125/p370000/p4/6/366496/i88e0fca7f.jpg;копир/сканер, A3, печать: лазерная черно-белая, сканер: 600x600 dpi, скорость печати: ч/б - 42 стр/мин, вывод: 250 листов
Kyocera TASKalfa 520i;https://komp.1k.by//periphery-printers/kyocera/Kyocera_TASKalfa_520i-366497.html;https://static.1k.by/images/products/ip/125/p370000/p7/b/366497/ica635e7de.jpg;копир/сканер, A3, печать: лазерная черно-белая, сканер: 600x600 dpi, скорость печати: ч/б - 52 стр/мин, вывод: 250 листов
Kyocera TASKalfa 550c;https://komp.1k.by//periphery-printers/kyocera/Kyocera_TASKalfa_550c-366498.html;https://static.1k.by/images/products/ip/125/p370000/pe/e/366498/i4c8e22e23.jpg;копир/сканер, A3, печать: лазерная цветная, 1200x1200 dpi, сканер: 600x600 dpi, скорость печати: ч/б - 55 стр/мин, цветн. - 55 стр/мин, вывод: 100 листов
Kyocera TASKalfa 750c;https://komp.1k.by//periphery-printers/kyocera/Kyocera_TASKalfa_750c-366500.html;https://static.1k.by/images/products/ip/125/p370000/p6/5/366500/idb55613a0.jpg;копир/сканер, A3, печать: лазерная цветная, 1200x1200 dpi, сканер: 600x600 dpi, скорость печати: ч/б - 75 стр/мин, цветн. - 65 стр/мин, вывод: 100 листов
Kyocera FS-C8500DN;https://komp.1k.by//periphery-printers/kyocera/Kyocera_FS_C8500DN-370791.html;https://static.1k.by/images/products/ip/125/p380000/p0/4/370791/ia1ffcb002.jpg;A3, печать: лазерная цветная, прямая, 600x600 dpi, скорость печати: ч/б - 55 стр/мин, цветн. - 28 стр/мин, вывод: 500 листов
Kyocera TASKalfa 552ci;https://komp.1k.by//periphery-printers/kyocera/Kyocera_TASKalfa_552ci-370792.html;https://static.1k.by/images/products/ip/125/p380000/pd/f/370792/i10eac8c25.jpg;копир/сканер/факс, A3, печать: лазерная цветная, прямая, 600x600 dpi, сканер: 600x600 dpi, скорость печати: ч/б - 55 стр/мин, цветн. - 50 стр/мин, вывод: 250 листов
Kyocera FS-1120DN;https://komp.1k.by//periphery-printers/kyocera/Kyocera_FS_1120DN-416530.html;https://static.1k.by/images/products/ip/125/p420000/pe/5/416530/i2e30c6388.jpg;A4, печать: лазерная черно-белая, скорость печати: ч/б - 30 стр/мин, вывод: 250 листов
Kyocera FS-1320DN;https://komp.1k.by//periphery-printers/kyocera/Kyocera_FS_1320DN-416618.html;https://static.1k.by/images/products/ip/125/p420000/pe/8/416618/iacdbbbf98.jpg;A4, печать: лазерная черно-белая, скорость печати: ч/б - 35 стр/мин, вывод: 250 листов
Kyocera FS-3140MFP;https://komp.1k.by//periphery-printers/kyocera/Kyocera_FS_3140MFP-443369.html;https://static.1k.by/images/products/ip/125/p450000/p2/6/443369/i2520534ee.jpg;копир/сканер/факс, A4, печать: лазерная черно-белая, прямая, сканер: 600x600 dpi, скорость печати: ч/б - 40 стр/мин, вывод: 500 листов
Kyocera FS-C2026MFP;https://komp.1k.by//periphery-printers/kyocera/Kyocera_FS_C2026MFP-447839.html;https://static.1k.by/images/products/ip/125/p450000/pc/4/447839/i34f5a121f.jpg;копир/сканер, A4, печать: лазерная цветная, прямая, 9600x600 dpi, сканер: 600x600 dpi, скорость печати: ч/б - 26 стр/мин, цветн. - 26 стр/мин, вывод: 250 листов
Kyocera FS-6025MFP B;https://komp.1k.by//periphery-printers/kyocera/Kyocera_FS_6025MFPB-531362.html;https://static.1k.by/images/products/ip/125/p540000/p1/f/531362/ib145b4f24.jpg;копир/сканер, A3, печать: лазерная черно-белая, сканер: 600x600 dpi, скорость печати: ч/б - 25 стр/мин, вывод: 300 листов
Kyocera FS-6030MFP;https://komp.1k.by//periphery-printers/kyocera/Kyocera_FS_6030MFP-531363.html;https://static.1k.by/images/products/ip/125/p540000/p2/6/531363/i996497f0d.jpg;копир/сканер, A3, печать: лазерная черно-белая, сканер: 600x600 dpi, скорость печати: ч/б - 30 стр/мин, вывод: 300 листов
Kyocera FS-C8025MFP;https://komp.1k.by//periphery-printers/kyocera/Kyocera_FS_C8025MFP-638703.html;https://static.1k.by/images/products/ip/125/p640000/pa/7/638703/i599df17c6.jpg;копир/сканер, A3, печать: лазерная цветная, прямая, 9600x600 dpi, сканер: 600x600 dpi, скорость печати: ч/б - 25 стр/мин, цветн. - 25 стр/мин
Kyocera TASKalfa 8000i;https://komp.1k.by//periphery-printers/kyocera/Kyocera_TASKalfa_8000i-653614.html;https://static.1k.by/images/products/ip/125/p660000/pc/f/653614/i47c160030.jpg;копир/сканер, A3, печать: лазерная черно-белая, прямая, сканер: 600x600 dpi, скорость печати: ч/б - 80 стр/мин, вывод: 420 листов
Kyocera TASKalfa 3550ci;https://komp.1k.by//periphery-printers/kyocera/Kyocera_TASKalfa_3550ci-653617.html;https://static.1k.by/images/products/ip/125/p660000/pa/c/653617/ie30474b81.jpg;копир/сканер/факс, A3, печать: лазерная цветная, прямая, 9600x600 dpi, сканер: 600x600 dpi, скорость печати: ч/б - 35 стр/мин, вывод: 320 листов
Kyocera TASKalfa 7550ci;https://komp.1k.by//periphery-printers/kyocera/Kyocera_TASKalfa_7550ci-655362.html;https://static.1k.by/images/products/ip/125/p660000/p5/2/655362/iec76ad3e1.jpg;копир/сканер, A3, печать: лазерная цветная, прямая, 9600x600 dpi, сканер: 600x600 dpi, скорость печати: ч/б - 75 стр/мин, цветн. - 70 стр/мин, вывод: 250 листов
Kyocera TASKalfa 6550ci;https://komp.1k.by//periphery-printers/kyocera/Kyocera_TASKalfa_6550ci-655363.html;https://static.1k.by/images/products/ip/125/p660000/p8/a/655363/if2a6d48e6.jpg;копир/сканер, A3, печать: лазерная цветная, прямая, 9600x600 dpi, сканер: 600x600 dpi, скорость печати: ч/б - 65 стр/мин, цветн. - 65 стр/мин, вывод: 250 листов
Kyocera ECOSYS M6526cidn;https://komp.1k.by//periphery-printers/kyocera/Kyocera_ECOSYS_M6526cidn-1349289.html;https://static.1k.by/images/products/ip/125/pp3/4/1349289/ia0266c37a.jpg;копир/сканер/факс, A4, печать: лазерная цветная, прямая, 9600x600 dpi, сканер: 600x600 dpi, скорость печати: ч/б - 26 стр/мин, цветн. - 26 стр/мин, вывод: 150 листов, airPrint
Kyocera ECOSYS M6035cidn;https://komp.1k.by//periphery-printers/kyocera/Kyocera_ECOSYS_M6035cidn-2160565.html;https://static.1k.by/images/products/ip/125/pp9/3/2160565/i88155b0f4.jpg;копир/сканер, A4, печать: лазерная цветная, прямая, 9600x600 dpi, сканер: 600x600 dpi, скорость печати: ч/б - 35 стр/мин, цветн. - 35 стр/мин, вывод: 250 листов, airPrint
KYOCERA Document Solutions ECOSYS M8130cidn;https://komp.1k.by//periphery-printers/kyocera/KYOCERA_Document_Solutions_ECOSYS_M8130cidn-3155747.html;https://static.1k.by/images/products/ip/125/ppe/1/3155747/i9f8c08490.jpeg;копир/сканер, A3, печать: лазерная цветная, прямая, 1200x1200 dpi, сканер: 600x600 dpi, скорость печати: ч/б - 30 стр/мин, цветн. - 30 стр/мин, вывод: 280 листов, airPrint
KYOCERA Document Solutions ECOSYS M8124cidn;https://komp.1k.by//periphery-printers/kyocera/KYOCERA_Document_Solutions_ECOSYS_M8124cidn-3155749.html;https://static.1k.by/images/products/ip/125/pp2/a/3155749/ic8e66365e.jpg;копир/сканер, A3, печать: лазерная цветная, прямая, 1200x1200 dpi, сканер: 600x600 dpi, скорость печати: ч/б - 24 стр/мин, цветн. - 24 стр/мин, вывод: 280 листов, airPrint
KYOCERA TASKalfa 3552ci;https://komp.1k.by//periphery-printers/kyocera/KYOCERA_TASKalfa_3552ci-3653981.html;https://static.1k.by/images/products/ip/125/ppa/6/3653981/i8817a5afa.jpg;копир/сканер, A3, печать: лазерная цветная, прямая, 1200x1200 dpi, сканер: 600x600 dpi, скорость печати: ч/б - 35 стр/мин, цветн. - 35 стр/мин, вывод: 500 листов, airPrint
KYOCERA TASKalfa 5053ci;https://komp.1k.by//periphery-printers/kyocera/KYOCERA_TASKalfa_5053ci-3853313.html;https://static.1k.by/images/products/ip/125/pp3/2/3853313/ie7a2471d5.jpg;копир/сканер, A3, печать: лазерная цветная, прямая, 4800x1200 dpi, сканер: 600x600 dpi, скорость печати: ч/б - 50 стр/мин, цветн. - 50 стр/мин, вывод: 500 листов, airPrint
