Sharp MX-B450PEE;https://komp.1k.by//periphery-printers/sharp/Sharp_MX_B450PEE-3548723.html;https://static.1k.by/images/products/ip/125/ppa/8/3548723/i1ad7a6f7f.jpg;A4, печать: лазерная черно-белая, прямая, скорость печати: ч/б - 45 стр/мин, Wi-Fi
Sharp MX-B350PEE;https://komp.1k.by//periphery-printers/sharp/Sharp_MX_B350PEE-3548721.html;https://static.1k.by/images/products/ip/125/pp4/9/3548721/iced7af274.jpg;A4, печать: лазерная черно-белая, прямая, скорость печати: ч/б - 35 стр/мин, Wi-Fi
Sharp AR-6023D;https://komp.1k.by//periphery-printers/sharp/Sharp_AR_6023D-1953581.html;https://static.1k.by/images/products/ip/125/ppd/6/1953581/i501696abe.jpg;копир/сканер, A3, печать: лазерная черно-белая, сканер: 600x600 dpi, скорость печати: ч/б - 23 стр/мин, вывод: 250 листов
Sharp AR-6020;https://komp.1k.by//periphery-printers/sharp/Sharp_AR_6020-1953583.html;https://static.1k.by/images/products/ip/125/pp2/3/1953583/i9fc72c76a.jpg;копир/сканер, A3, печать: лазерная черно-белая, сканер: 600x600 dpi, скорость печати: ч/б - 20 стр/мин, вывод: 250 листов
Sharp AR-6020NR;https://komp.1k.by//periphery-printers/sharp/Sharp_AR_6020NR-2162009.html;https://static.1k.by/images/products/ip/125/ppa/5/2162009/ifc03fe721.jpg;копир/сканер, A3, печать: лазерная черно-белая, сканер: 600x600 dpi, скорость печати: ч/б - 20 стр/мин, вывод: 250 листов
Sharp MX-B350WEE;https://komp.1k.by//periphery-printers/sharp/Sharp_MX_B350WEE-3548725.html;https://static.1k.by/images/products/ip/125/ppd/6/3548725/i2a976e038.jpg;копир/сканер/факс, A4, печать: лазерная черно-белая, прямая, сканер: 600x600 dpi, скорость печати: ч/б - 35 стр/мин, Wi-Fi
Sharp AR-5320;https://komp.1k.by//periphery-printers/sharp/Sharp_AR_5320-94623.html;https://static.1k.by/images/products/ip/125/p100000/p2/e/94623/m65a8ba148.jpg;копир/сканер, A3, печать: лазерная черно-белая, сканер: 600x600 dpi, скорость печати: ч/б - 12 стр/мин, вывод: 100 листов
Sharp AR-5726;https://komp.1k.by//periphery-printers/sharp/Sharp_AR_5726-376797.html;https://static.1k.by/images/products/ip/125/p380000/p5/7/376797/iaaa16dad0.jpg;копир, A3, печать: лазерная черно-белая, скорость печати: ч/б - 26 стр/мин, вывод: 500 листов
Sharp AR-6020D;https://komp.1k.by//periphery-printers/sharp/Sharp_AR_6020D-1953579.html;https://static.1k.by/images/products/ip/125/pp0/0/1953579/i0e39fe01d.jpg;копир/сканер, A3, печать: лазерная черно-белая, сканер: 600x600 dpi, скорость печати: ч/б - 20 стр/мин, вывод: 250 листов
Sharp AR-5316;https://komp.1k.by//periphery-printers/sharp/Sharp_AR_5316-94622.html;https://static.1k.by/images/products/ip/125/p100000/p1/3/94622/m5fc443eac.jpg;копир, A3, печать: лазерная черно-белая, скорость печати: ч/б - 12 стр/мин, вывод: 100 листов
Sharp AR-M160;https://komp.1k.by//periphery-printers/sharp/Sharp_AR_M160-94627.html;https://static.1k.by/images/products/ip/125/p100000/pe/5/94627/mc9a741f2e.jpg;копир/сканер, A3, печать: лазерная черно-белая, сканер: 600x600 dpi, скорость печати: ч/б - 12 стр/мин, вывод: 100 листов
Sharp AR-M351U;https://komp.1k.by//periphery-printers/sharp/Sharp_AR_M351U-94632.html;https://static.1k.by/images/products/ip/125/p100000/p2/a/94632/mc70d625f9.jpg;копир/сканер, A3, печать: лазерная черно-белая, скорость печати: ч/б - 35 стр/мин, вывод: 500 листов
Sharp AR-M165E;https://komp.1k.by//periphery-printers/sharp/Sharp_AR_M165E-139236.html;https://static.1k.by/images/products/ip/125/p140000/pb/d/139236/m62c4e4df1.jpg;копир/сканер, A3, печать: лазерная черно-белая, сканер: 600x600 dpi, скорость печати: ч/б - 16 стр/мин, вывод: 250 листов
Sharp AR-5731;https://komp.1k.by//periphery-printers/sharp/Sharp_AR_5731-376798.html;https://static.1k.by/images/products/ip/125/p380000/p1/d/376798/i2bf49505c.jpg;копир, A3, печать: лазерная черно-белая, скорость печати: ч/б - 31 стр/мин, вывод: 500 листов
Sharp MX-M453U;https://komp.1k.by//periphery-printers/sharp/Sharp_MX_M453U-1698901.html;https://static.1k.by/images/products/ip/125/pp1/d/1698901/i30e1fc39b.jpg;копир/сканер, A3, печать: лазерная черно-белая, сканер: 600x600 dpi, скорость печати: ч/б - 45 стр/мин, вывод: 500 листов
Sharp AR-6026N;https://komp.1k.by//periphery-printers/sharp/Sharp_AR_6026N-2247677.html;https://static.1k.by/images/products/ip/125/pp9/8/2247677/i65260b12e.jpg;копир/сканер, A3, печать: лазерная черно-белая, сканер: 600x600 dpi, скорость печати: ч/б - 26 стр/мин, вывод: 250 листов
Sharp ARM 450;https://komp.1k.by//periphery-printers/sharp/Sharp_ARM_450-81040.html;https://static.1k.by/images/products/ip/125/p90000/p9/b/81040/m6b513757e.jpg;копир/сканер, A3, печать: лазерная черно-белая, скорость печати: ч/б - 45 стр/мин, вывод: 400 листов
Sharp MX-3500N;https://komp.1k.by//periphery-printers/sharp/Sharp_MX_3500N-81042.html;https://static.1k.by/images/products/ip/125/p90000/pc/3/81042/mf156addc7.jpg;копир/сканер, A3, печать: лазерная цветная, 600x600 dpi, сканер: 600x600 dpi, скорость печати: ч/б - 35 стр/мин, цветн. - 35 стр/мин, вывод: 500 листов
Sharp MX-3501N;https://komp.1k.by//periphery-printers/sharp/Sharp_MX_3501N-81043.html;https://static.1k.by/images/products/ip/125/p90000/pf/1/81043/mb58b786fb.jpg;копир/сканер, A3, печать: лазерная цветная, 1200x600 dpi, сканер: 600x600 dpi, скорость печати: ч/б - 35 стр/мин, цветн. - 35 стр/мин, вывод: 500 листов
Sharp SF-2530;https://komp.1k.by//periphery-printers/sharp/Sharp_SF_2530-81045.html;https://static.1k.by/images/products/ip/125/p90000/p3/b/81045/m017a2839e.jpg;копир, A3, печать: светодиодная черно-белая, скорость печати: ч/б - 30 стр/мин
Sharp SF-2540;https://komp.1k.by//periphery-printers/sharp/Sharp_SF_2540-81046.html;https://static.1k.by/images/products/ip/125/p90000/p5/5/81046/m00c645fff.jpg;копир, A3, печать: светодиодная черно-белая, скорость печати: ч/б - 40 стр/мин
Sharp AL 840;https://komp.1k.by//periphery-printers/sharp/Sharp_AL_840-90032.html;https://static.1k.by/images/products/ip/125/p100000/p6/a/90032/me9f62f0a6.jpg;копир, A4 черно-белая
Sharp AL-1217;https://komp.1k.by//periphery-printers/sharp/Sharp_AL_1217-90033.html;https://static.1k.by/images/products/ip/125/p100000/p6/b/90033/m408b80ac7.jpg;копир/сканер, A4, печать: лазерная черно-белая, скорость печати: ч/б - 12 стр/мин, вывод: 100 листов
Sharp AR-5012;https://komp.1k.by//periphery-printers/sharp/Sharp_AR_5012-94621.html;https://static.1k.by/images/products/ip/125/p100000/p5/f/94621/ma1c18289a.jpg;копир, A4, печать: лазерная черно-белая, сканер: 600x600 dpi, вывод: 100 листов
Sharp AR-5631;https://komp.1k.by//periphery-printers/sharp/Sharp_AR_5631-94625.html;https://static.1k.by/images/products/ip/125/p100000/pc/e/94625/m5722b3af0.jpg;копир, A3, печать: лазерная черно-белая, скорость печати: ч/б - 31 стр/мин, вывод: 500 листов
Sharp AR-C172M;https://komp.1k.by//periphery-printers/sharp/Sharp_AR_C172M-94626.html;https://static.1k.by/images/products/ip/125/p100000/p7/4/94626/mbec377b9c.jpg;копир, A3, печать: лазерная цветная, скорость печати: ч/б - 26 стр/мин, цветн. - 17 стр/мин, вывод: 500 листов
Sharp AR-M620U;https://komp.1k.by//periphery-printers/sharp/Sharp_AR_M620U-94636.html;https://static.1k.by/images/products/ip/125/p100000/pb/d/94636/m48f88893a.jpg;копир/сканер, A3, печать: светодиодная черно-белая, сканер: 600x600 dpi, скорость печати: ч/б - 62 стр/мин, вывод: 250 листов
Sharp AR5015;https://komp.1k.by//periphery-printers/sharp/Sharp_AR5015-94638.html;https://static.1k.by/images/products/ip/125/p100000/pc/c/94638/m85460ca88.jpg;копир/сканер, A3, печать: лазерная черно-белая, скорость печати: ч/б - 15 стр/мин, вывод: 150 листов
Sharp AR-M256;https://komp.1k.by//periphery-printers/sharp/Sharp_AR_M256-104049.html;https://static.1k.by/images/products/ip/125/p110000/p5/9/104049/mb96bacaac.jpg;копир/сканер, A3, печать: лазерная черно-белая, скорость печати: ч/б - 25 стр/мин
Sharp AR-M316;https://komp.1k.by//periphery-printers/sharp/Sharp_AR_M316-104052.html;https://static.1k.by/images/products/ip/125/p110000/pf/8/104052/m6dcd8ebda.jpg;копир/сканер, A3, печать: лазерная черно-белая, сканер: 600, скорость печати: ч/б - 31 стр/мин
Sharp AR-M201;https://komp.1k.by//periphery-printers/sharp/Sharp_AR_M201-196922.html;https://static.1k.by/images/products/ip/125/p200000/p8/b/196922/i0e54f2435.jpg;копир/сканер, A4, печать: лазерная черно-белая, сканер: 600x1200 dpi, скорость печати: ч/б - 20 стр/мин
Sharp AR-5516N;https://komp.1k.by//periphery-printers/sharp/Sharp_AR_5516N-202938.html;https://static.1k.by/images/products/ip/125/p210000/pe/b/202938/iaa24938e5.jpg;копир/сканер, A3, печать: лазерная черно-белая, сканер: 600x600 dpi, скорость печати: ч/б - 16 стр/мин
Sharp AR-5516;https://komp.1k.by//periphery-printers/sharp/Sharp_AR_5516-203520.html;https://static.1k.by/images/products/ip/125/p210000/p2/5/203520/i924605d7d.jpg;копир/сканер, A3, печать: лазерная черно-белая, сканер: 600x600 dpi, скорость печати: ч/б - 16 стр/мин
Sharp AR-5520N;https://komp.1k.by//periphery-printers/sharp/Sharp_AR_5520N-203525.html;https://static.1k.by/images/products/ip/125/p210000/pb/4/203525/i88caef102.jpg;копир/сканер, A3, печать: лазерная черно-белая, сканер: 600x600 dpi, скорость печати: ч/б - 20 стр/мин
Sharp MX-M450N;https://komp.1k.by//periphery-printers/sharp/Sharp_MX_M450N-212312.html;https://static.1k.by/images/products/ip/125/p220000/p1/b/212312/i06312d6d0.jpg;копир, A3, печать: лазерная черно-белая, скорость печати: ч/б - 45 стр/мин, вывод: 400 листов
Sharp MX-M453N;https://komp.1k.by//periphery-printers/sharp/Sharp_MX_M453N-376804.html;https://static.1k.by/images/products/ip/125/p380000/p9/f/376804/i4a93590a4.jpg;копир/сканер, A3, печать: лазерная черно-белая, сканер: 600x600 dpi, скорость печати: ч/б - 45 стр/мин, вывод: 500 листов
Sharp MX-M260;https://komp.1k.by//periphery-printers/sharp/Sharp_MX_M260-447842.html;https://static.1k.by/images/products/ip/125/p450000/pe/3/447842/ic2900ff2c.jpg;копир, A3, печать: лазерная черно-белая, скорость печати: ч/б - 26 стр/мин, вывод: 500 листов
Sharp AL-2021;https://komp.1k.by//periphery-printers/sharp/Sharp_AL_2021-559486.html;https://static.1k.by/images/products/ip/125/p560000/p0/d/559486/i775863d81.jpg;копир/сканер, A4, печать: лазерная черно-белая, сканер: 600x600 dpi, скорость печати: ч/б - 20 стр/мин
Sharp AL-2041;https://komp.1k.by//periphery-printers/sharp/Sharp_AL_2041-620469.html;https://static.1k.by/images/products/ip/125/p630000/p5/1/620469/i638c10d6c.jpg;копир/сканер, A4, печать: лазерная черно-белая, сканер: 600x600 dpi, скорость печати: ч/б - 20 стр/мин
Sharp AR-5620N;https://komp.1k.by//periphery-printers/sharp/Sharp_AR_5620N-660558.html;https://static.1k.by/images/products/ip/125/p670000/p5/e/660558/i1d4e7cb10.jpg;копир/сканер, A3, печать: лазерная черно-белая, сканер: 600x600 dpi, скорость печати: ч/б - 20 стр/мин
Sharp AR-5618N;https://komp.1k.by//periphery-printers/sharp/Sharp_AR_5618N-660560.html;https://static.1k.by/images/products/ip/125/p670000/pb/5/660560/i98376e090.jpg;копир/сканер, A3, печать: лазерная черно-белая, сканер: 600x600 dpi, скорость печати: ч/б - 18 стр/мин
Sharp AR-5618D;https://komp.1k.by//periphery-printers/sharp/Sharp_AR_5618D-660561.html;https://static.1k.by/images/products/ip/125/p670000/pd/4/660561/icbf671214.jpg;копир/сканер, A3, печать: лазерная черно-белая, сканер: 600x600 dpi, скорость печати: ч/б - 18 стр/мин
Sharp AR-5618;https://komp.1k.by//periphery-printers/sharp/Sharp_AR_5618-660562.html;https://static.1k.by/images/products/ip/125/p670000/p9/5/660562/i46d52033f.jpg;копир/сканер, A3, печать: лазерная черно-белая, сканер: 600x600 dpi, скорость печати: ч/б - 18 стр/мин
Sharp AR-M276;https://komp.1k.by//periphery-printers/sharp/Sharp_AR_M276-675054.html;https://static.1k.by/images/products/ip/125/p680000/p5/9/675054/ie19b45bda.jpg;копир, A3, печать: лазерная черно-белая, скорость печати: ч/б - 27 стр/мин
Sharp AR-M236;https://komp.1k.by//periphery-printers/sharp/Sharp_AR_M236-675055.html;https://static.1k.by/images/products/ip/125/p680000/p1/9/675055/id8edeaab4.jpg;копир, A3, печать: лазерная черно-белая, скорость печати: ч/б - 23 стр/мин
Sharp MX-M623U;https://komp.1k.by//periphery-printers/sharp/Sharp_MX_M623U-1698897.html;https://static.1k.by/images/products/ip/125/pp3/5/1698897/ic67202fa6.jpg;копир/сканер, A3, печать: лазерная черно-белая, сканер: 600x600 dpi, скорость печати: ч/б - 62 стр/мин, вывод: 500 листов
Sharp AR-6023N;https://komp.1k.by//periphery-printers/sharp/Sharp_AR_6023N-1953585.html;https://static.1k.by/images/products/ip/125/pp4/0/1953585/i867d25b29.jpg;копир/сканер, A3, печать: лазерная черно-белая, сканер: 600x600 dpi, скорость печати: ч/б - 23 стр/мин, вывод: 250 листов
Sharp AR-6031N;https://komp.1k.by//periphery-printers/sharp/Sharp_AR_6031N-2247913.html;https://static.1k.by/images/products/ip/125/ppb/e/2247913/i6150494d1.jpg;копир/сканер, A3, печать: лазерная черно-белая, сканер: 600x600 dpi, скорость печати: ч/б - 31 стр/мин, вывод: 250 листов
Sharp MX-M316N;https://komp.1k.by//periphery-printers/sharp/Sharp_MX_M316N-2331203.html;https://static.1k.by/images/products/ip/125/pp5/e/2331203/i4f5362809.jpg;копир/сканер, A3, печать: лазерная черно-белая, сканер: 600x600 dpi, скорость печати: ч/б - 31 стр/мин, вывод: 500 листов
Sharp MX-M356N;https://komp.1k.by//periphery-printers/sharp/Sharp_MX_M356N-2331205.html;https://static.1k.by/images/products/ip/125/pp2/4/2331205/i779f5eada.jpg;копир/сканер, A3, печать: лазерная черно-белая, сканер: 600x600 dpi, скорость печати: ч/б - 26 стр/мин, вывод: 500 листов
Sharp MX-M565N;https://komp.1k.by//periphery-printers/sharp/Sharp_MX_M565N-2331331.html;https://static.1k.by/images/products/ip/125/pp4/2/2331331/i5ccb973e8.jpg;копир/сканер, A3, печать: лазерная черно-белая, сканер: 600x600 dpi, скорость печати: ч/б - 46 стр/мин, вывод: 400 листов
Sharp MX-M564N;https://komp.1k.by//periphery-printers/sharp/Sharp_MX_M564N-2335675.html;https://static.1k.by/images/products/ip/125/pp0/3/2335675/id16485dbb.jpg;копир/сканер, A3, печать: лазерная черно-белая, сканер: 600x600 dpi, скорость печати: ч/б - 56 стр/мин, вывод: 400 листов
Sharp MX-M266N;https://komp.1k.by//periphery-printers/sharp/Sharp_MX_M266N-2335679.html;https://static.1k.by/images/products/ip/125/pp3/e/2335679/ib6ce22256.jpg;копир/сканер, A3, печать: лазерная черно-белая, сканер: 600x600 dpi, скорость печати: ч/б - 26 стр/мин, вывод: 500 листов
Sharp MX-M754N;https://komp.1k.by//periphery-printers/sharp/Sharp_MX_M754N-2357995.html;https://static.1k.by/images/products/ip/125/pp3/4/2357995/icb9d2f074.jpg;копир/сканер, A3, печать: лазерная черно-белая, сканер: 600x600 dpi, скорость печати: ч/б - 75 стр/мин, вывод: 400 листов
Sharp MX-7040N;https://komp.1k.by//periphery-printers/sharp/Sharp_MX_7040N-2362879.html;https://static.1k.by/images/products/ip/125/ppa/6/2362879/id05bd6a3d.jpg;копир/сканер, A3, печать: лазерная цветная, 1200x1200 dpi, сканер: 600x600 dpi, скорость печати: ч/б - 70 стр/мин, цветн. - 70 стр/мин, вывод: 500 листов, Wi-Fi, airPrint
Sharp MX-3060N;https://komp.1k.by//periphery-printers/sharp/Sharp_MX_3060N-2634407.html;https://static.1k.by/images/products/ip/125/pp2/8/2634407/i67e9b18d8.jpg;копир/сканер, A3, печать: лазерная цветная, 9600x600 dpi, сканер: 600x600 dpi, скорость печати: ч/б - 30 стр/мин, цветн. - 30 стр/мин, вывод: 500 листов
Sharp MX-3050N;https://komp.1k.by//periphery-printers/sharp/Sharp_MX_3050N-2635567.html;https://static.1k.by/images/products/ip/125/ppc/6/2635567/if3d2b0d26.jpg;копир/сканер, A3, печать: лазерная цветная, 9600x600 dpi, сканер: 600x600 dpi, скорость печати: ч/б - 30 стр/мин, цветн. - 30 стр/мин, вывод: 600 листов
Sharp DX-2000U;https://komp.1k.by//periphery-printers/sharp/Sharp_DX_2000U-2735871.html;https://static.1k.by/images/products/ip/125/ppd/2/2735871/i9a41fa7dd.jpg;копир/сканер, A3, печать: лазерная цветная, 9600x600 dpi, сканер: 600x600 dpi, скорость печати: ч/б - 20 стр/мин, цветн. - 20 стр/мин, вывод: 500 листов
Sharp MX-2630N;https://komp.1k.by//periphery-printers/sharp/Sharp_MX_2630N-3092569.html;https://static.1k.by/images/products/ip/125/pp9/5/3092569/ifd81ffcfd.jpg;копир/сканер, A3, печать: лазерная цветная, 600x9600 dpi, сканер: 600x600 dpi, скорость печати: ч/б - 26 стр/мин, цветн. - 26 стр/мин
Sharp AR-6020N;https://komp.1k.by//periphery-printers/sharp/Sharp_AR_6020N-3105463.html;https://static.1k.by/images/products/ip/125/pp5/3/3105463/ib8ce005ed.jpg;копир/сканер, A3, печать: лазерная черно-белая, сканер: 600x600 dpi, скорость печати: ч/б - 20 стр/мин, вывод: 250 листов
Sharp MX-M3050EE;https://komp.1k.by//periphery-printers/sharp/Sharp_MX_M3050EE-3271169.html;https://static.1k.by/images/products/ip/125/pp7/e/3271169/i45817bb73.jpg;копир/сканер, A3, печать: лазерная черно-белая, прямая, сканер: 600x600 dpi, скорость печати: ч/б - 30 стр/мин, вывод: 500 листов
Sharp MX-3050VEE;https://komp.1k.by//periphery-printers/sharp/Sharp_MX_3050VEE-3271415.html;https://static.1k.by/images/products/ip/125/pp3/c/3271415/i17f2b6a55.jpg;копир/сканер, A3, печать: лазерная цветная, прямая, 600x600 dpi, сканер: 600x600 dpi, скорость печати: ч/б - 30 стр/мин, цветн. - 30 стр/мин, вывод: 500 листов
Sharp MX-B355WEE;https://komp.1k.by//periphery-printers/sharp/Sharp_MX_B355WEE-3293195.html;https://static.1k.by/images/products/ip/125/pp9/f/3293195/i18eacb361.jpg;копир/сканер/факс, A4, печать: лазерная черно-белая, сканер: 600x600 dpi, скорость печати: ч/б - 35 стр/мин, вывод: 250 листов
Sharp MX-M1055;https://komp.1k.by//periphery-printers/sharp/Sharp_MX_M1055-3528613.html;https://static.1k.by/images/products/ip/125/pp2/d/3528613/ie4c6afb95.jpg;копир/сканер, A3, печать: лазерная черно-белая, прямая, сканер: 1200x1200 dpi, скорость печати: ч/б - 105 стр/мин
Sharp MX-B450WEE;https://komp.1k.by//periphery-printers/sharp/Sharp_MX_B450WEE-3551117.html;https://static.1k.by/images/products/ip/125/ppb/8/3551117/icd747ca7d.jpg;копир/сканер/факс, A4, печать: лазерная черно-белая, прямая, сканер: 600x600 dpi, скорость печати: ч/б - 45 стр/мин, Wi-Fi
Sharp BP-20C20EU;https://komp.1k.by//periphery-printers/sharp/Sharp_BP_20C20EU-3871165.html;https://static.1k.by/images/products/ip/125/pp6/a/3871165/iec5cd60b7.jpg;копир/сканер, A3, печать: лазерная цветная, прямая, 600x600 dpi, сканер: 600x600 dpi, скорость печати: ч/б - 20 стр/мин, цветн. - 20 стр/мин, airPrint
Sharp BP-20C25EU;https://komp.1k.by//periphery-printers/sharp/Sharp_BP_20C25EU-3871167.html;https://static.1k.by/images/products/ip/125/ppd/f/3871167/icfa7111af.jpg;копир/сканер, A3, печать: лазерная цветная, прямая, 600x600 dpi, сканер: 600x600 dpi, скорость печати: ч/б - 25 стр/мин, цветн. - 25 стр/мин, airPrint
Sharp ARM 155;https://komp.1k.by//periphery-printers/sharp/Sharp_ARM_155-81038.html;https://static.1k.by/images/products/ip/125/p90000/pe/1/81038/m43e6f9cf4.jpg;копир/сканер, A4, печать: лазерная черно-белая, скорость печати: ч/б - 15 стр/мин, вывод: 50 листов
Sharp ARM 350;https://komp.1k.by//periphery-printers/sharp/Sharp_ARM_350-81039.html;https://static.1k.by/images/products/ip/125/p90000/p0/9/81039/mb74bb4375.jpg;копир/сканер, A3, печать: лазерная черно-белая, скорость печати: ч/б - 35 стр/мин, вывод: 400 листов
Sharp MX-2300N;https://komp.1k.by//periphery-printers/sharp/Sharp_MX_2300N-81041.html;https://static.1k.by/images/products/ip/125/p90000/p2/e/81041/me426ca1ce.jpg;копир/сканер, A3, печать: лазерная цветная, 600x600 dpi, сканер: 600x600 dpi, скорость печати: ч/б - 23 стр/мин, цветн. - 23 стр/мин, вывод: 500 листов
Sharp MX-4501N;https://komp.1k.by//periphery-printers/sharp/Sharp_MX_4501N-81044.html;https://static.1k.by/images/products/ip/125/p90000/p3/a/81044/m578535574.jpg;копир/сканер, A3, печать: лазерная цветная, 1200x600 dpi, сканер: 600x600 dpi, скорость печати: ч/б - 45 стр/мин, цветн. - 35 стр/мин, вывод: 500 листов
Sharp AL-1555;https://komp.1k.by//periphery-printers/sharp/Sharp_AL_1555-90034.html;https://static.1k.by/images/products/ip/125/p100000/p0/b/90034/m99e3767bd.jpg;копир/сканер, A4, печать: лазерная черно-белая, скорость печати: ч/б - 15 стр/мин, вывод: 100 листов
Sharp AL1000;https://komp.1k.by//periphery-printers/sharp/Sharp_AL1000-90035.html;https://static.1k.by/images/products/ip/125/p100000/p2/7/90035/m88e9b920b.jpg;копир, A4, печать: лазерная черно-белая, скорость печати: ч/б - 10 стр/мин, вывод: 50 листов
Sharp AM 300;https://komp.1k.by//periphery-printers/sharp/Sharp_AM_300-90036.html;https://static.1k.by/images/products/ip/125/p100000/p9/a/90036/m88ce492c6.jpg;копир/сканер, A4, печать: лазерная черно-белая, скорость печати: ч/б - 12 стр/мин, вывод: 250 листов
Sharp AM 400;https://komp.1k.by//periphery-printers/sharp/Sharp_AM_400-90037.html;https://static.1k.by/images/products/ip/125/p100000/pd/1/90037/mdfb4f24d1.jpg;копир/сканер/факс, A4, печать: лазерная черно-белая, скорость печати: ч/б - 12 стр/мин, вывод: 250 листов
Sharp AR 156;https://komp.1k.by//periphery-printers/sharp/Sharp_AR_156-90038.html;https://static.1k.by/images/products/ip/125/p100000/p4/9/90038/m35230b237.jpg;копир, A4, печать: лазерная черно-белая, скорость печати: ч/б - 15 стр/мин, вывод: 250 листов
Sharp AR-153E;https://komp.1k.by//periphery-printers/sharp/Sharp_AR_153E-90039.html;https://static.1k.by/images/products/ip/125/p100000/p6/1/90039/ma16119de9.jpg;копир/сканер, A4, печать: лазерная черно-белая, сканер: 600x1200 dpi, скорость печати: ч/б - 15 стр/мин, вывод: 50 листов
Sharp AR-205;https://komp.1k.by//periphery-printers/sharp/Sharp_AR_205-94620.html;https://static.1k.by/images/products/ip/125/p100000/pd/a/94620/mf645ad45d.jpg;копир/сканер, A3, печать: лазерная черно-белая, скорость печати: ч/б - 20 стр/мин, вывод: 100 листов
Sharp AR-M205;https://komp.1k.by//periphery-printers/sharp/Sharp_AR_M205-94628.html;https://static.1k.by/images/products/ip/125/p100000/p4/7/94628/m6979554a1.jpg;копир/сканер, A3, печать: лазерная черно-белая, сканер: 600x600 dpi, скорость печати: ч/б - 20 стр/мин, вывод: 250 листов
Sharp AR-M351N;https://komp.1k.by//periphery-printers/sharp/Sharp_AR_M351N-94631.html;https://static.1k.by/images/products/ip/125/p100000/p2/4/94631/m361bed1e3.jpg;копир, A3, печать: лазерная черно-белая, скорость печати: ч/б - 35 стр/мин, вывод: 500 листов
Sharp AR-M450U;https://komp.1k.by//periphery-printers/sharp/Sharp_AR_M450U-94633.html;https://static.1k.by/images/products/ip/125/p100000/p2/0/94633/mc7c13f2a4.jpg;копир/сканер, A3, печать: лазерная черно-белая, скорость печати: ч/б - 45 стр/мин, вывод: 250 листов
Sharp AR-M451N;https://komp.1k.by//periphery-printers/sharp/Sharp_AR_M451N-94634.html;https://static.1k.by/images/products/ip/125/p100000/p3/1/94634/ma2bb54215.jpg;копир, A3, печать: лазерная черно-белая, скорость печати: ч/б - 45 стр/мин, вывод: 500 листов
Sharp AR-M451U;https://komp.1k.by//periphery-printers/sharp/Sharp_AR_M451U-94635.html;https://static.1k.by/images/products/ip/125/p100000/p6/0/94635/m0dba314ba.jpg;копир, A3, печать: лазерная черно-белая, скорость печати: ч/б - 45 стр/мин, вывод: 500 листов
Sharp AR-M700U;https://komp.1k.by//periphery-printers/sharp/Sharp_AR_M700U-94637.html;https://static.1k.by/images/products/ip/125/p100000/p1/8/94637/m9ef5b6825.jpg;копир/сканер, A3, печать: светодиодная черно-белая, сканер: 600x600 dpi, скорость печати: ч/б - 70 стр/мин, вывод: 250 листов
Sharp ARM 150;https://komp.1k.by//periphery-printers/sharp/Sharp_ARM_150-94639.html;https://static.1k.by/images/products/ip/125/p100000/p0/9/94639/m15203b553.jpg;копир/сканер, A4, печать: лазерная черно-белая, вывод: 200 листов
Sharp AR-5625;https://komp.1k.by//periphery-printers/sharp/Sharp_AR_5625-99656.html;https://static.1k.by/images/products/ip/125/p100000/pc/3/99656/m4df21176c.jpg;копир, A3, печать: лазерная черно-белая, скорость печати: ч/б - 25 стр/мин, вывод: 500 листов
Sharp AR-M450N;https://komp.1k.by//periphery-printers/sharp/Sharp_AR_M450N-99657.html;https://static.1k.by/images/products/ip/125/p100000/p7/b/99657/m3db85fab1.jpg;копир/сканер, A3, печать: лазерная черно-белая, скорость печати: ч/б - 45 стр/мин, вывод: 250 листов
Sharp AR-M550U;https://komp.1k.by//periphery-printers/sharp/Sharp_AR_M550U-99658.html;https://static.1k.by/images/products/ip/125/p100000/pd/f/99658/m2e18a2407.jpg;копир/сканер, A3, печать: светодиодная черно-белая, сканер: 600x600 dpi, скорость печати: ч/б - 55 стр/мин, вывод: 250 листов
Sharp AR287;https://komp.1k.by//periphery-printers/sharp/Sharp_AR287-99659.html;https://static.1k.by/images/products/ip/125/p100000/p3/9/99659/m8e28a16ff.jpg;копир/сканер, A3, печать: лазерная черно-белая, скорость печати: ч/б - 28 стр/мин
Sharp MX-2700N;https://komp.1k.by//periphery-printers/sharp/Sharp_MX_2700N-99660.html;https://static.1k.by/images/products/ip/125/p100000/p5/4/99660/mf48d21ae5.jpg;копир/сканер, A3, печать: лазерная цветная, 600x600 dpi, сканер: 600x600 dpi, скорость печати: ч/б - 27 стр/мин, цветн. - 27 стр/мин, вывод: 500 листов
Sharp MX-4500N;https://komp.1k.by//periphery-printers/sharp/Sharp_MX_4500N-99661.html;https://static.1k.by/images/products/ip/125/p100000/p7/2/99661/m8f6ba8b80.jpg;копир/сканер, A3, печать: лазерная цветная, сканер: 600x600 dpi, скорость печати: ч/б - 45 стр/мин, цветн. - 35 стр/мин, вывод: 500 листов
Sharp AR-M207E;https://komp.1k.by//periphery-printers/sharp/Sharp_AR_M207E-139237.html;https://static.1k.by/images/products/ip/125/p140000/p6/8/139237/m719f06e0d.jpg;копир/сканер, A3, печать: лазерная черно-белая, сканер: 600x600 dpi, скорость печати: ч/б - 20 стр/мин, вывод: 250 листов
Sharp AR-5320D;https://komp.1k.by//periphery-printers/sharp/Sharp_AR_5320D-139330.html;https://static.1k.by/images/products/ip/125/p140000/p5/e/139330/mbff465224.jpg;копир, A3, печать: лазерная черно-белая, скорость печати: ч/б - 12 стр/мин, вывод: 100 листов
Sharp MX-M550U;https://komp.1k.by//periphery-printers/sharp/Sharp_MX_M550U-139338.html;https://static.1k.by/images/products/ip/125/p140000/p0/5/139338/m11bb11792.jpg;копир/сканер, A3, печать: лазерная черно-белая, скорость печати: ч/б - 55 стр/мин, вывод: 250 листов
Sharp AR-203E;https://komp.1k.by//periphery-printers/sharp/Sharp_AR_203E-140144.html;https://static.1k.by/images/products/ip/125/p150000/p0/6/140144/m94ab6fa3d.jpg;копир/сканер, A4, печать: лазерная черно-белая, сканер: 600x1200 dpi, скорость печати: ч/б - 15 стр/мин
Sharp AR-C360P;https://komp.1k.by//periphery-printers/sharp/Sharp_AR_C360P-157407.html;https://static.1k.by/images/products/ip/125/p160000/p1/7/157407/m1814e42bc.jpg;A4, печать: лазерная цветная, прямая, 1200x1200 dpi, скорость печати: ч/б - 40 стр/мин, цветн. - 36 стр/мин
Sharp AR-M700N;https://komp.1k.by//periphery-printers/sharp/Sharp_AR_M700N-196067.html;https://static.1k.by/images/products/ip/125/p200000/pa/0/196067/i161c5b1c2.jpg;копир/сканер/факс, A3, печать: лазерная черно-белая, сканер: 600x600 dpi, скорость печати: ч/б - 70 стр/мин
Sharp AR-M620N;https://komp.1k.by//periphery-printers/sharp/Sharp_AR_M620N-196068.html;https://static.1k.by/images/products/ip/125/p200000/pf/6/196068/ic2bcc05e5.jpg;копир/сканер/факс, A3, печать: лазерная черно-белая, сканер: 600x600 dpi, скорость печати: ч/б - 62 стр/мин
Sharp AR-M550N;https://komp.1k.by//periphery-printers/sharp/Sharp_AR_M550N-197549.html;https://static.1k.by/images/products/ip/125/p200000/pf/d/197549/i62e41ac12.jpg;копир/сканер/факс, A3, печать: лазерная черно-белая, сканер: 600x600 dpi, скорость печати: ч/б - 55 стр/мин
Sharp AR-5520D;https://komp.1k.by//periphery-printers/sharp/Sharp_AR_5520D-203516.html;https://static.1k.by/images/products/ip/125/p210000/p5/b/203516/i990a36cfb.jpg;копир/сканер, A3, печать: лазерная черно-белая, сканер: 600x600 dpi, скорость печати: ч/б - 20 стр/мин
Sharp AR-5516D;https://komp.1k.by//periphery-printers/sharp/Sharp_AR_5516D-203518.html;https://static.1k.by/images/products/ip/125/p210000/p8/b/203518/i73efd0009.jpg;копир/сканер, A3, печать: лазерная черно-белая, сканер: 600x600 dpi, скорость печати: ч/б - 16 стр/мин
Sharp MX-2600N;https://komp.1k.by//periphery-printers/sharp/Sharp_MX_2600N-211850.html;https://static.1k.by/images/products/ip/125/p220000/p0/e/211850/id05394ac7.jpg;копир/сканер, A3, печать: лазерная цветная, прямая, 1200x1200 dpi, сканер: 600x600 dpi, скорость печати: ч/б - 26 стр/мин, цветн. - 26 стр/мин, вывод: 500 листов
Sharp MX-3100N;https://komp.1k.by//periphery-printers/sharp/Sharp_MX_3100N-211851.html;https://static.1k.by/images/products/ip/125/p220000/p6/5/211851/i9815a0734.jpg;копир/сканер, A3, печать: лазерная цветная, прямая, 1200x1200 dpi, сканер: 600x600 dpi, скорость печати: ч/б - 31 стр/мин, цветн. - 31 стр/мин, вывод: 500 листов
Sharp MX-4100N;https://komp.1k.by//periphery-printers/sharp/Sharp_MX_4100N-211852.html;https://static.1k.by/images/products/ip/125/p220000/p9/9/211852/i5b93a9115.jpg;копир/сканер, A3, печать: лазерная цветная, прямая, 1200x1200 dpi, сканер: 600x600 dpi, скорость печати: ч/б - 41 стр/мин, цветн. - 41 стр/мин, вывод: 500 листов
Sharp MX-M350N;https://komp.1k.by//periphery-printers/sharp/Sharp_MX_M350N-212292.html;https://static.1k.by/images/products/ip/125/p220000/pa/b/212292/i257ac2142.jpg;копир, A3, печать: лазерная черно-белая, скорость печати: ч/б - 35 стр/мин
Sharp MX-4101N;https://komp.1k.by//periphery-printers/sharp/Sharp_MX_4101N-212298.html;https://static.1k.by/images/products/ip/125/p220000/pe/4/212298/if41efcb98.jpg;копир/сканер, A3, печать: лазерная цветная, прямая, 1200x1200 dpi, сканер: 600x600 dpi, скорость печати: ч/б - 41 стр/мин, цветн. - 41 стр/мин, вывод: 500 листов
Sharp MX-5000N;https://komp.1k.by//periphery-printers/sharp/Sharp_MX_5000N-212299.html;https://static.1k.by/images/products/ip/125/p220000/pd/1/212299/i33e77d9e7.jpg;копир/сканер, A3, печать: лазерная цветная, прямая, 1200x1200 dpi, сканер: 600x600 dpi, скорость печати: ч/б - 50 стр/мин, цветн. - 50 стр/мин, вывод: 500 листов
Sharp MX-5001N;https://komp.1k.by//periphery-printers/sharp/Sharp_MX_5001N-212300.html;https://static.1k.by/images/products/ip/125/p220000/p3/b/212300/i8d39b6596.jpg;копир/сканер, A3, печать: лазерная цветная, прямая, 1200x1200 dpi, сканер: 600x600 dpi, скорость печати: ч/б - 50 стр/мин, цветн. - 50 стр/мин, вывод: 500 листов
Sharp MX-6201N;https://komp.1k.by//periphery-printers/sharp/Sharp_MX_6201N-212301.html;https://static.1k.by/images/products/ip/125/p220000/pf/6/212301/i3e026f04b.jpg;копир/сканер, A3, печать: лазерная цветная, прямая, 600x1200 dpi, сканер: 600x600 dpi, скорость печати: ч/б - 62 стр/мин, цветн. - 50 стр/мин, вывод: 250 листов
Sharp MX-7001N;https://komp.1k.by//periphery-printers/sharp/Sharp_MX_7001N-212302.html;https://static.1k.by/images/products/ip/125/p220000/p6/5/212302/i676eec066.jpg;копир/сканер, A3, печать: лазерная цветная, прямая, 600x1200 dpi, сканер: 600x600 dpi, скорость печати: ч/б - 70 стр/мин, цветн. - 50 стр/мин, вывод: 250 листов
Sharp MX-C310;https://komp.1k.by//periphery-printers/sharp/Sharp_MX_C310-212303.html;https://static.1k.by/images/products/ip/125/p220000/p3/c/212303/ice37587e1.jpg;копир/сканер, A4, печать: лазерная цветная, прямая, 1200x1200 dpi, сканер: 600x600 dpi, скорость печати: ч/б - 31 стр/мин, цветн. - 31 стр/мин
Sharp MX-C311;https://komp.1k.by//periphery-printers/sharp/Sharp_MX_C311-212309.html;https://static.1k.by/images/products/ip/125/p220000/p1/d/212309/i00057eb0d.jpg;копир/сканер, A4, печать: лазерная цветная, прямая, 1200x1200 dpi, сканер: 600x600 dpi, скорость печати: ч/б - 31 стр/мин, цветн. - 31 стр/мин, вывод: 250 листов
Sharp MX-C380;https://komp.1k.by//periphery-printers/sharp/Sharp_MX_C380-212310.html;https://static.1k.by/images/products/ip/125/p220000/p0/3/212310/ie0a00b316.jpg;копир/сканер, A4, печать: лазерная цветная, прямая, 1200x1200 dpi, сканер: 600x600 dpi, скорость печати: ч/б - 38 стр/мин, цветн. - 38 стр/мин, вывод: 250 листов
Sharp MX-C381;https://komp.1k.by//periphery-printers/sharp/Sharp_MX_C381-212311.html;https://static.1k.by/images/products/ip/125/p220000/p7/5/212311/iba4613d36.jpg;копир/сканер, A4, печать: лазерная цветная, прямая, 1200x1200 dpi, сканер: 600x600 dpi, скорость печати: ч/б - 38 стр/мин, цветн. - 38 стр/мин, вывод: 250 листов
Sharp MX-M850;https://komp.1k.by//periphery-printers/sharp/Sharp_MX_M850-212313.html;https://static.1k.by/images/products/ip/125/p220000/p7/9/212313/i393336e25.jpg;копир/сканер, A3, печать: лазерная черно-белая, прямая, сканер: 600x600 dpi, скорость печати: ч/б - 85 стр/мин
Sharp MX-M160;https://komp.1k.by//periphery-printers/sharp/Sharp_MX_M160-372798.html;https://static.1k.by/images/products/ip/125/p380000/p9/2/372798/i56462cbbb.jpg;копир/сканер, A3, печать: лазерная черно-белая, сканер: 600x600 dpi, скорость печати: ч/б - 16 стр/мин
Sharp DX-B350P;https://komp.1k.by//periphery-printers/sharp/Sharp_DX_B350P-376799.html;https://static.1k.by/images/products/ip/125/p380000/p9/3/376799/ia4b920b4b.jpg;A4, печать: лазерная черно-белая, скорость печати: ч/б - 34 стр/мин
Sharp DX-B450P;https://komp.1k.by//periphery-printers/sharp/Sharp_DX_B450P-376800.html;https://static.1k.by/images/products/ip/125/p380000/p9/9/376800/i520ca9d46.jpg;A4, печать: лазерная черно-белая, скорость печати: ч/б - 43 стр/мин
Sharp MX-2301N;https://komp.1k.by//periphery-printers/sharp/Sharp_MX_2301N-376801.html;https://static.1k.by/images/products/ip/125/p380000/pd/4/376801/i872af3c6a.jpg;копир/сканер, A3, печать: лазерная цветная, 600x600 dpi, сканер: 600x600 dpi, скорость печати: ч/б - 23 стр/мин, цветн. - 23 стр/мин, вывод: 500 листов
Sharp MX-B381;https://komp.1k.by//periphery-printers/sharp/Sharp_MX_B381-376802.html;https://static.1k.by/images/products/ip/125/p380000/p1/b/376802/i98508053b.jpg;копир/сканер, A4, печать: лазерная цветная, 1200x1200 dpi, сканер: 600x600 dpi, скорость печати: ч/б - 38 стр/мин, цветн. - 38 стр/мин, вывод: 280 листов
Sharp MX-M363N;https://komp.1k.by//periphery-printers/sharp/Sharp_MX_M363N-376803.html;https://static.1k.by/images/products/ip/125/p380000/p7/6/376803/ibb16e15a1.jpg;копир/сканер, A3, печать: лазерная черно-белая, сканер: 600x600 dpi, скорость печати: ч/б - 36 стр/мин, вывод: 500 листов
Sharp MX-M503N;https://komp.1k.by//periphery-printers/sharp/Sharp_MX_M503N-376805.html;https://static.1k.by/images/products/ip/125/p380000/p1/3/376805/iaa01595a6.jpg;копир/сканер, A3, печать: лазерная черно-белая, сканер: 600x600 dpi, скорость печати: ч/б - 50 стр/мин, вывод: 500 листов
Sharp MX-M310;https://komp.1k.by//periphery-printers/sharp/Sharp_MX_M310-447843.html;https://static.1k.by/images/products/ip/125/p450000/pe/4/447843/ib3223b4b3.jpg;копир, A3, печать: лазерная черно-белая, скорость печати: ч/б - 31 стр/мин, вывод: 500 листов
Sharp MX-M282N;https://komp.1k.by//periphery-printers/sharp/Sharp_MX_M282N-558539.html;https://static.1k.by/images/products/ip/125/p560000/pd/f/558539/i61e7b2c64.jpg;копир/сканер, A3, печать: лазерная черно-белая, прямая, скорость печати: ч/б - 28 стр/мин
Sharp AL-2040;https://komp.1k.by//periphery-printers/sharp/Sharp_AL_2040-571081.html;https://static.1k.by/images/products/ip/125/p580000/p9/1/571081/id705c8f9d.jpg;копир/сканер, A4, печать: лазерная черно-белая, сканер: 600x1200 dpi, скорость печати: ч/б - 15 стр/мин, вывод: 200 листов
Sharp MX-2310U;https://komp.1k.by//periphery-printers/sharp/Sharp_MX_2310U-574629.html;https://static.1k.by/images/products/ip/125/p580000/p4/1/574629/i2e145f9d7.jpg;копир/сканер, A3, печать: лазерная цветная, 9600x600 dpi, сканер: 600x600 dpi, скорость печати: ч/б - 23 стр/мин, цветн. - 23 стр/мин
Sharp MX-2610N;https://komp.1k.by//periphery-printers/sharp/Sharp_MX_2610N-574630.html;https://static.1k.by/images/products/ip/125/p580000/p9/c/574630/idebe4a81a.jpg;копир/сканер, A3, печать: лазерная цветная, сканер: 600x600 dpi, скорость печати: ч/б - 26 стр/мин, цветн. - 26 стр/мин
Sharp MX-M362N;https://komp.1k.by//periphery-printers/sharp/Sharp_MX_M362N-574631.html;https://static.1k.by/images/products/ip/125/p580000/pf/f/574631/i9b972baec.jpg;копир/сканер, A3, печать: лазерная черно-белая, прямая, сканер: 600x600 dpi, скорость печати: ч/б - 36 стр/мин
Sharp MX-M452N;https://komp.1k.by//periphery-printers/sharp/Sharp_MX_M452N-574632.html;https://static.1k.by/images/products/ip/125/p580000/pd/7/574632/i36e4cfc45.jpg;копир/сканер, A3, печать: лазерная черно-белая, прямая, сканер: 600x600 dpi, скорость печати: ч/б - 45 стр/мин
Sharp MX-M502N;https://komp.1k.by//periphery-printers/sharp/Sharp_MX_M502N-574633.html;https://static.1k.by/images/products/ip/125/p580000/pe/4/574633/i6f4e32832.jpg;копир/сканер, A3, печать: лазерная черно-белая, прямая, сканер: 600x600 dpi, скорость печати: ч/б - 50 стр/мин
Sharp MX-2010U;https://komp.1k.by//periphery-printers/sharp/Sharp_MX_2010U-602537.html;https://static.1k.by/images/products/ip/125/p610000/p9/f/602537/i93dc1d286.jpg;копир/сканер, A3, печать: лазерная цветная, 9600x600 dpi, сканер: 600x600 dpi, скорость печати: ч/б - 20 стр/мин, цветн. - 20 стр/мин, вывод: 500 листов
Sharp MX-3111U;https://komp.1k.by//periphery-printers/sharp/Sharp_MX_3111U-602538.html;https://static.1k.by/images/products/ip/125/p610000/p7/8/602538/i84de09a95.jpg;копир/сканер, A3, печать: лазерная цветная, 9600x600 dpi, сканер: 600x600 dpi, скорость печати: ч/б - 31 стр/мин, цветн. - 31 стр/мин, вывод: 500 листов
Sharp AL-2051;https://komp.1k.by//periphery-printers/sharp/Sharp_AL_2051-620468.html;https://static.1k.by/images/products/ip/125/p630000/pe/2/620468/ic7c4b8fda.jpg;копир/сканер, A4, печать: лазерная черно-белая, сканер: 600x600 dpi, скорость печати: ч/б - 20 стр/мин
Sharp MX-3610N;https://komp.1k.by//periphery-printers/sharp/Sharp_MX_3610N-638671.html;https://static.1k.by/images/products/ip/125/p640000/p2/8/638671/i518a71232.jpg;копир/сканер, A3, печать: светодиодная цветная, прямая, 1200x1200 dpi, сканер: 600x600 dpi, скорость печати: ч/б - 31 стр/мин, цветн. - 31 стр/мин, вывод: 500 листов
Sharp MX-M623N;https://komp.1k.by//periphery-printers/sharp/Sharp_MX_M623N-642585.html;https://static.1k.by/images/products/ip/125/p650000/pb/9/642585/i9b2fc87bf.jpg;копир/сканер, A3, печать: лазерная черно-белая, прямая, сканер: 600x600 dpi, скорость печати: ч/б - 62 стр/мин
Sharp MX-3110N;https://komp.1k.by//periphery-printers/sharp/Sharp_MX_3110N-642586.html;https://static.1k.by/images/products/ip/125/p650000/p6/6/642586/i1a13ebf03.jpg;копир/сканер, A3, печать: лазерная цветная, прямая, 1200x1200 dpi, сканер: 600x600 dpi, скорость печати: ч/б - 31 стр/мин, цветн. - 31 стр/мин
Sharp AR-5623G;https://komp.1k.by//periphery-printers/sharp/Sharp_AR_5623G-642587.html;https://static.1k.by/images/products/ip/125/p650000/p6/2/642587/i4a73fa0d0.jpg;копир/сканер, A3, печать: лазерная черно-белая, сканер: 600x600 dpi, скорость печати: ч/б - 23 стр/мин
Sharp AR-5620G;https://komp.1k.by//periphery-printers/sharp/Sharp_AR_5620G-642588.html;https://static.1k.by/images/products/ip/125/p650000/pb/2/642588/i9b616b44b.jpg;копир/сканер, A3, печать: лазерная черно-белая, сканер: 600x600 dpi, скорость печати: ч/б - 20 стр/мин
Sharp MX-1810U;https://komp.1k.by//periphery-printers/sharp/Sharp_MX_1810U-653594.html;https://static.1k.by/images/products/ip/125/p660000/pc/5/653594/i708756fd7.jpg;копир/сканер, A3, печать: лазерная цветная, 600x600 dpi, сканер: 600x600 dpi, скорость печати: ч/б - 18 стр/мин, цветн. - 18 стр/мин, вывод: 400 листов
Sharp AR-5623N;https://komp.1k.by//periphery-printers/sharp/Sharp_AR_5623N-660556.html;https://static.1k.by/images/products/ip/125/p670000/p7/d/660556/i1592b87ec.jpg;копир/сканер, A3, печать: лазерная черно-белая, сканер: 600x600 dpi, скорость печати: ч/б - 23 стр/мин
Sharp AR-5623D;https://komp.1k.by//periphery-printers/sharp/Sharp_AR_5623D-660557.html;https://static.1k.by/images/products/ip/125/p670000/p6/c/660557/i576c786c8.jpg;копир/сканер, A3, печать: лазерная черно-белая, сканер: 600x600 dpi, скорость печати: ч/б - 23 стр/мин
Sharp AR-5620D;https://komp.1k.by//periphery-printers/sharp/Sharp_AR_5620D-660559.html;https://static.1k.by/images/products/ip/125/p670000/p4/0/660559/i36302428e.jpg;копир/сканер, A3, печать: лазерная черно-белая, сканер: 600x600 dpi, скорость печати: ч/б - 20 стр/мин
Sharp MX-M283N;https://komp.1k.by//periphery-printers/sharp/Sharp_MX_M283N-664386.html;https://static.1k.by/images/products/ip/125/p670000/pd/0/664386/i0a310cccc.jpg;копир/сканер, A3, печать: лазерная черно-белая, прямая, сканер: 600x600 dpi, скорость печати: ч/б - 28 стр/мин, вывод: 500 листов
Sharp MX-B201D;https://komp.1k.by//periphery-printers/sharp/Sharp_MX_B201D-664387.html;https://static.1k.by/images/products/ip/125/p670000/p2/7/664387/i369a86917.jpg;копир/сканер, A4, печать: лазерная черно-белая, сканер: 600x600 dpi, скорость печати: ч/б - 20 стр/мин
Sharp MX-M950;https://komp.1k.by//periphery-printers/sharp/Sharp_MX_M950-681224.html;https://static.1k.by/images/products/ip/125/p690000/p3/a/681224/i532e10296.jpg;копир/сканер, A3, печать: лазерная черно-белая, прямая, сканер: 600x600 dpi, скорость печати: ч/б - 95 стр/мин
Sharp MX-M753N;https://komp.1k.by//periphery-printers/sharp/Sharp_MX_M753N-681225.html;https://static.1k.by/images/products/ip/125/p690000/pc/c/681225/iccb4947fb.jpg;копир/сканер, A3, печать: лазерная черно-белая, прямая, сканер: 600x600 dpi, скорость печати: ч/б - 75 стр/мин
Sharp MX-M232D;https://komp.1k.by//periphery-printers/sharp/Sharp_MX_M232D-681226.html;https://static.1k.by/images/products/ip/125/p690000/pb/b/681226/idba6212bb.jpg;копир/сканер, A3, печать: лазерная черно-белая, сканер: 600x600 dpi, скорость печати: ч/б - 23 стр/мин
Sharp MX-M202D;https://komp.1k.by//periphery-printers/sharp/Sharp_MX_M202D-681227.html;https://static.1k.by/images/products/ip/125/p690000/p9/f/681227/i6b0f34d34.jpg;копир/сканер, A3, печать: лазерная черно-белая, сканер: 600x600 dpi, скорость печати: ч/б - 20 стр/мин
Sharp MX-M182;https://komp.1k.by//periphery-printers/sharp/Sharp_MX_M182-681228.html;https://static.1k.by/images/products/ip/125/p690000/p2/a/681228/iebaa95d95.jpg;копир/сканер, A3, печать: лазерная черно-белая, сканер: 600x600 dpi, скорость печати: ч/б - 18 стр/мин
Sharp MX-M1100;https://komp.1k.by//periphery-printers/sharp/Sharp_MX_M1100-681229.html;https://static.1k.by/images/products/ip/125/p690000/p3/e/681229/ie64678f07.jpg;копир/сканер, A3, печать: лазерная черно-белая, прямая, сканер: 600x600 dpi, скорость печати: ч/б - 110 стр/мин
Sharp MX-5112N;https://komp.1k.by//periphery-printers/sharp/Sharp_MX_5112N-681230.html;https://static.1k.by/images/products/ip/125/p690000/p6/d/681230/i47923181b.jpg;копир/сканер, A3 цветная, прямая, 1200x1200 dpi, сканер: 600x600 dpi, скорость печати: ч/б - 51 стр/мин, цветн. - 51 стр/мин, вывод: 500 листов
Sharp MX-4112N;https://komp.1k.by//periphery-printers/sharp/Sharp_MX_4112N-681231.html;https://static.1k.by/images/products/ip/125/p690000/pf/0/681231/i5d90f5b6c.jpg;копир/сканер, A3 цветная, прямая, 1200x1200 dpi, сканер: 600x600 dpi, скорость печати: ч/б - 41 стр/мин, цветн. - 41 стр/мин, вывод: 500 листов
Sharp AL-2061;https://komp.1k.by//periphery-printers/sharp/Sharp_AL_2061-681243.html;https://static.1k.by/images/products/ip/125/p690000/pb/8/681243/i9927b0ba5.jpg;копир/сканер/факс, A4, печать: лазерная черно-белая, сканер: 600x600 dpi, скорость печати: ч/б - 20 стр/мин
Sharp AL-1035;https://komp.1k.by//periphery-printers/sharp/Sharp_AL_1035-681244.html;https://static.1k.by/images/products/ip/125/p690000/p7/f/681244/i0461700e8.jpg;копир/сканер, A4, печать: лазерная черно-белаяx600 dpi, скорость печати: ч/б - 10 стр/мин
Sharp MX-M354N;https://komp.1k.by//periphery-printers/sharp/Sharp_MX_M354N-725763.html;https://static.1k.by/images/products/ip/125/p730000/p6/a/725763/id98f1f9b6.jpg;копир/сканер, A3, печать: лазерная черно-белая, прямая, сканер: 600x600 dpi, скорость печати: ч/б - 35 стр/мин, вывод: 500 листов
Sharp MX-M314N;https://komp.1k.by//periphery-printers/sharp/Sharp_MX_M314N-725764.html;https://static.1k.by/images/products/ip/125/p730000/p5/9/725764/ie087497f4.jpg;копир/сканер, A3, печать: лазерная черно-белая, прямая, сканер: 600x600 dpi, скорость печати: ч/б - 31 стр/мин, вывод: 500 листов
Sharp MX-M264N;https://komp.1k.by//periphery-printers/sharp/Sharp_MX_M264N-728100.html;https://static.1k.by/images/products/ip/125/p730000/pc/e/728100/ib90dc1799.jpg;копир/сканер, A3, печать: лазерная черно-белая, прямая, сканер: 600x600 dpi, скорость печати: ч/б - 26 стр/мин, вывод: 500 листов
Sharp MX-2614N;https://komp.1k.by//periphery-printers/sharp/Sharp_MX_2614N-848559.html;https://static.1k.by/images/products/ip/125/p850000/pc/a/848559/i291eac267.jpg;копир/сканер, A3, печать: лазерная цветная, сканер: 600x600 dpi, скорость печати: ч/б - 26 стр/мин, цветн. - 26 стр/мин, вывод: 500 листов
Sharp AR-M257;https://komp.1k.by//periphery-printers/sharp/Sharp_AR_M257-848585.html;https://static.1k.by/images/products/ip/125/p850000/p0/5/848585/i62d9e7300.jpg;копир/сканер, A4, печать: лазерная черно-белая, сканер: 600x600 dpi, скорость печати: ч/б - 13 стр/мин, вывод: 500 листов
Sharp MX-3140NR;https://komp.1k.by//periphery-printers/sharp/Sharp_MX_3140NR-1664741.html;https://static.1k.by/images/products/ip/125/pp0/5/1664741/i7fef10d99.jpg;копир/сканер, A3, печать: лазерная цветная, 600x9600 dpi, сканер: 600x600 dpi, скорость печати: ч/б - 31 стр/мин, цветн. - 31 стр/мин, вывод: 500 листов, Wi-Fi, airPrint
Sharp MX-2640NR;https://komp.1k.by//periphery-printers/sharp/Sharp_MX_2640NR-1664743.html;https://static.1k.by/images/products/ip/125/pp2/d/1664743/i353562125.jpg;копир/сканер, A3, печать: лазерная цветная, 600x9600 dpi, сканер: 600x600 dpi, скорость печати: ч/б - 26 стр/мин, цветн. - 26 стр/мин, вывод: 500 листов, Wi-Fi, airPrint
Sharp MX-3640NR;https://komp.1k.by//periphery-printers/sharp/Sharp_MX_3640NR-1664745.html;https://static.1k.by/images/products/ip/125/ppe/e/1664745/i3a761c063.jpg;копир/сканер, A3, печать: лазерная цветная, 600x9600 dpi, сканер: 600x600 dpi, скорость печати: ч/б - 36 стр/мин, цветн. - 36 стр/мин, вывод: 500 листов, Wi-Fi, airPrint
Sharp MX-M753U;https://komp.1k.by//periphery-printers/sharp/Sharp_MX_M753U-1698895.html;https://static.1k.by/images/products/ip/125/ppc/6/1698895/ia0c455894.jpg;копир/сканер, A3, печать: лазерная черно-белая, сканер: 600x600 dpi, скорость печати: ч/б - 75 стр/мин, вывод: 500 листов
Sharp MX-M503U;https://komp.1k.by//periphery-printers/sharp/Sharp_MX_M503U-1698899.html;https://static.1k.by/images/products/ip/125/ppa/d/1698899/idab1087dd.jpg;копир/сканер, A3, печать: лазерная черно-белая, сканер: 600x600 dpi, скорость печати: ч/б - 50 стр/мин, вывод: 500 листов
Sharp MX-M363U;https://komp.1k.by//periphery-printers/sharp/Sharp_MX_M363U-1698903.html;https://static.1k.by/images/products/ip/125/pp3/0/1698903/i4cbcf9703.jpg;копир/сканер, A3, печать: лазерная черно-белая, сканер: 600x600 dpi, скорость печати: ч/б - 36 стр/мин, вывод: 500 листов
Sharp MX-M315N;https://komp.1k.by//periphery-printers/sharp/Sharp_MX_M315N-2322289.html;https://static.1k.by/images/products/ip/125/pp8/5/2322289/iae243236d.jpg;копир/сканер, A3, печать: лазерная черно-белая, сканер: 600x600 dpi, скорость печати: ч/б - 31 стр/мин
Sharp MX-M265N;https://komp.1k.by//periphery-printers/sharp/Sharp_MX_M265N-2331207.html;https://static.1k.by/images/products/ip/125/pp2/9/2331207/i2d1cb8322.jpg;копир/сканер, A3, печать: лазерная черно-белая, сканер: 600x600 dpi, скорость печати: ч/б - 26 стр/мин, вывод: 500 листов
Sharp MX-M364N;https://komp.1k.by//periphery-printers/sharp/Sharp_MX_M364N-2331209.html;https://static.1k.by/images/products/ip/125/pp7/d/2331209/ie70e09e59.jpg;копир/сканер, A3, печать: лазерная черно-белая, сканер: 600x600 dpi, скорость печати: ч/б - 36 стр/мин, вывод: 400 листов
Sharp MX-M365N;https://komp.1k.by//periphery-printers/sharp/Sharp_MX_M365N-2331211.html;https://static.1k.by/images/products/ip/125/ppd/4/2331211/i19196b20b.jpg;копир/сканер, A3, печать: лазерная черно-белая, сканер: 600x600 dpi, скорость печати: ч/б - 36 стр/мин, вывод: 400 листов
Sharp MX-M904;https://komp.1k.by//periphery-printers/sharp/Sharp_MX_M904-2331213.html;https://static.1k.by/images/products/ip/125/ppb/c/2331213/ieb9372515.jpg;копир/сканер, A3, печать: лазерная черно-белая, прямая, сканер: 600x600 dpi, скорость печати: ч/б - 90 стр/мин
Sharp MX-M464N;https://komp.1k.by//periphery-printers/sharp/Sharp_MX_M464N-2331333.html;https://static.1k.by/images/products/ip/125/ppd/a/2331333/i4179976d1.jpg;копир/сканер, A3, печать: лазерная черно-белая, сканер: 600x600 dpi, скорость печати: ч/б - 46 стр/мин, вывод: 400 листов
Sharp MX-5140N;https://komp.1k.by//periphery-printers/sharp/Sharp_MX_5140N-2331335.html;https://static.1k.by/images/products/ip/125/pp7/2/2331335/i0beb8936e.jpg;копир/сканер, A3, печать: лазерная цветная, 1200x1200 dpi, сканер: 600x600 dpi, скорость печати: ч/б - 51 стр/мин, цветн. - 51 стр/мин, вывод: 500 листов, Wi-Fi, airPrint
Sharp MX-5141N;https://komp.1k.by//periphery-printers/sharp/Sharp_MX_5141N-2331337.html;https://static.1k.by/images/products/ip/125/pp0/1/2331337/ia2877403d.jpg;копир/сканер, A3, печать: лазерная цветная, 1200x1200 dpi, сканер: 600x600 dpi, скорость печати: ч/б - 51 стр/мин, цветн. - 51 стр/мин, вывод: 500 листов, Wi-Fi, airPrint
Sharp MX-M465N;https://komp.1k.by//periphery-printers/sharp/Sharp_MX_M465N-2331397.html;https://static.1k.by/images/products/ip/125/pp9/6/2331397/i1705f9786.jpg;копир/сканер, A3, печать: лазерная черно-белая, сканер: 600x600 dpi, скорость печати: ч/б - 46 стр/мин, вывод: 400 листов
Sharp MX-4140N;https://komp.1k.by//periphery-printers/sharp/Sharp_MX_4140N-2335677.html;https://static.1k.by/images/products/ip/125/pp7/b/2335677/i2cc871005.jpg;копир/сканер, A3, печать: лазерная цветная, прямая, 1200x1200 dpi, сканер: 600x600 dpi, скорость печати: ч/б - 41 стр/мин, цветн. - 41 стр/мин, вывод: 500 листов
Sharp MX-M654N;https://komp.1k.by//periphery-printers/sharp/Sharp_MX_M654N-2357997.html;https://static.1k.by/images/products/ip/125/ppb/0/2357997/i7ea893ca6.jpg;копир/сканер, A3, печать: лазерная черно-белая, сканер: 600x600 dpi, скорость печати: ч/б - 65 стр/мин, вывод: 400 листов
Sharp MX-4141N;https://komp.1k.by//periphery-printers/sharp/Sharp_MX_4141N-2357999.html;https://static.1k.by/images/products/ip/125/pp3/6/2357999/iffc6de65a.jpg;копир/сканер, A3, печать: лазерная цветная, 1200x1200 dpi, сканер: 600x600 dpi, скорость печати: ч/б - 41 стр/мин, цветн. - 41 стр/мин, вывод: 500 листов
Sharp MX-6240N;https://komp.1k.by//periphery-printers/sharp/Sharp_MX_6240N-2362877.html;https://static.1k.by/images/products/ip/125/pp8/f/2362877/if328d3328.jpg;копир/сканер, A3, печать: лазерная цветная, 1200x1200 dpi, сканер: 600x600 dpi, скорость печати: ч/б - 62 стр/мин, цветн. - 62 стр/мин, вывод: 500 листов, Wi-Fi, airPrint
Sharp MX-M1204;https://komp.1k.by//periphery-printers/sharp/Sharp_MX_M1204-2466627.html;https://static.1k.by/images/products/ip/125/ppa/1/2466627/i3457b5bb1.jpg;копир/сканер, A3, печать: лазерная черно-белая, прямая, сканер: 1200x1200 dpi, скорость печати: ч/б - 120 стр/мин
Sharp MX-M1054;https://komp.1k.by//periphery-printers/sharp/Sharp_MX_M1054-2604947.html;https://static.1k.by/images/products/ip/125/pp7/5/2604947/i27cf06828.jpg;копир/сканер, A3, печать: лазерная черно-белая, сканер: 1200x1200 dpi, скорость печати: ч/б - 105 стр/мин
Sharp MX-3560N;https://komp.1k.by//periphery-printers/sharp/Sharp_MX_3560N-2634417.html;https://static.1k.by/images/products/ip/125/pp7/0/2634417/ic58118e29.jpg;копир/сканер, A3, печать: лазерная цветная, 9600x600 dpi, сканер: 600x600 dpi, скорость печати: ч/б - 35 стр/мин, цветн. - 35 стр/мин, вывод: 500 листов
Sharp MX-3070N;https://komp.1k.by//periphery-printers/sharp/Sharp_MX_3070N-2635553.html;https://static.1k.by/images/products/ip/125/ppc/9/2635553/i6c3624bb4.jpg;копир/сканер, A3, печать: лазерная цветная, 9600x600 dpi, сканер: 600x600 dpi, скорость печати: ч/б - 30 стр/мин, цветн. - 30 стр/мин, вывод: 500 листов
Sharp MX-4060N;https://komp.1k.by//periphery-printers/sharp/Sharp_MX_4060N-2635555.html;https://static.1k.by/images/products/ip/125/ppf/f/2635555/iaa3da47fa.jpg;копир/сканер, A3, печать: лазерная цветная, 9600x600 dpi, сканер: 600x600 dpi, скорость печати: ч/б - 40 стр/мин, цветн. - 40 стр/мин, вывод: 500 листов
Sharp MX-3570N;https://komp.1k.by//periphery-printers/sharp/Sharp_MX_3570N-2635563.html;https://static.1k.by/images/products/ip/125/pp2/2/2635563/i6eab31f4d.jpg;копир/сканер, A3, печать: лазерная цветная, 9600x600 dpi, сканер: 600x600 dpi, скорость печати: ч/б - 35 стр/мин, цветн. - 35 стр/мин, вывод: 500 листов
Sharp MX-4070N;https://komp.1k.by//periphery-printers/sharp/Sharp_MX_4070N-2635565.html;https://static.1k.by/images/products/ip/125/pp0/7/2635565/i82a476c0f.jpg;копир/сканер, A3, печать: лазерная цветная, 9600x600 dpi, сканер: 600x600 dpi, скорость печати: ч/б - 40 стр/мин, цветн. - 40 стр/мин, вывод: 500 листов
Sharp MX-3550N;https://komp.1k.by//periphery-printers/sharp/Sharp_MX_3550N-2635569.html;https://static.1k.by/images/products/ip/125/pp6/3/2635569/ib50ff8082.jpg;копир/сканер, A3, печать: лазерная цветная, 9600x600 dpi, сканер: 600x600 dpi, скорость печати: ч/б - 35 стр/мин, цветн. - 35 стр/мин, вывод: 500 листов
Sharp MX-4050N;https://komp.1k.by//periphery-printers/sharp/Sharp_MX_4050N-2635571.html;https://static.1k.by/images/products/ip/125/ppd/b/2635571/i7e2c10527.jpg;копир/сканер, A3, печать: лазерная цветная, 9600x600 dpi, сканер: 600x600 dpi, скорость печати: ч/б - 40 стр/мин, цветн. - 40 стр/мин
Sharp MX-5050N;https://komp.1k.by//periphery-printers/sharp/Sharp_MX_5050N-2640519.html;https://static.1k.by/images/products/ip/125/ppb/6/2640519/i02ec537b2.jpg;копир/сканер, A3, печать: лазерная цветная, 1200x1200 dpi, сканер: 600x600 dpi, скорость печати: ч/б - 50 стр/мин, цветн. - 50 стр/мин
Sharp MX-6070N;https://komp.1k.by//periphery-printers/sharp/Sharp_MX_6070N-2640521.html;https://static.1k.by/images/products/ip/125/ppf/2/2640521/i6c408a5cc.jpg;копир/сканер, A3, печать: лазерная цветная, 1200x1200 dpi, сканер: 600x600 dpi, скорость печати: ч/б - 60 стр/мин, цветн. - 60 стр/мин, вывод: 500 листов
Sharp MX-6050N;https://komp.1k.by//periphery-printers/sharp/Sharp_MX_6050N-2640523.html;https://static.1k.by/images/products/ip/125/pp6/4/2640523/i0049159b0.jpg;копир/сканер, A3, печать: лазерная цветная, 1200x1200 dpi, сканер: 600x600 dpi, скорость печати: ч/б - 60 стр/мин, цветн. - 60 стр/мин, вывод: 500 листов
Sharp MX-5070N;https://komp.1k.by//periphery-printers/sharp/Sharp_MX_5070N-2640525.html;https://static.1k.by/images/products/ip/125/pp3/5/2640525/ifb19912e6.jpg;копир/сканер, A3, печать: лазерная цветная, 1200x1200 dpi, сканер: 600x600 dpi, скорость печати: ч/б - 50 стр/мин, цветн. - 50 стр/мин, вывод: 500 листов
Sharp DX-2500N;https://komp.1k.by//periphery-printers/sharp/Sharp_DX_2500N-2735873.html;https://static.1k.by/images/products/ip/125/ppd/a/2735873/ia8b9e4d84.jpg;копир/сканер, A3, печать: лазерная цветная, 9600x600 dpi, сканер: 600x600 dpi, скорость печати: ч/б - 24 стр/мин, цветн. - 24 стр/мин, вывод: 500 листов
Sharp MX-4070VEE;https://komp.1k.by//periphery-printers/sharp/Sharp_MX_4070VEE-3270837.html;https://static.1k.by/images/products/ip/125/ppe/0/3270837/ie92cf272d.jpg;копир/сканер, A3, печать: лазерная цветная, прямая, 1200x1200 dpi, сканер: 600x600 dpi, скорость печати: ч/б - 40 стр/мин, цветн. - 40 стр/мин, вывод: 500 листов
Sharp MX-5070VEE;https://komp.1k.by//periphery-printers/sharp/Sharp_MX_5070VEE-3270839.html;https://static.1k.by/images/products/ip/125/pp4/f/3270839/i7e9ad2768.jpg;копир/сканер, A3, печать: лазерная цветная, прямая, 1200x1200 dpi, сканер: 600x600 dpi, скорость печати: ч/б - 50 стр/мин, цветн. - 50 стр/мин, вывод: 500 листов
Sharp MX-3070VEE;https://komp.1k.by//periphery-printers/sharp/Sharp_MX_3070VEE-3270841.html;https://static.1k.by/images/products/ip/125/ppc/f/3270841/i99e8b423d.jpg;копир/сканер, A3, печать: лазерная цветная, прямая, 1200x1200 dpi, сканер: 600x600 dpi, скорость печати: ч/б - 30 стр/мин, цветн. - 30 стр/мин, вывод: 500 листов
Sharp MX-3560VEE;https://komp.1k.by//periphery-printers/sharp/Sharp_MX_3560VEE-3270843.html;https://static.1k.by/images/products/ip/125/ppe/6/3270843/i5f6867c07.jpg;копир/сканер, A3, печать: лазерная цветная, прямая, 1200x1200 dpi, сканер: 600x600 dpi, скорость печати: ч/б - 35 стр/мин, цветн. - 35 стр/мин, вывод: 500 листов
Sharp MX-3550VEE;https://komp.1k.by//periphery-printers/sharp/Sharp_MX_3550VEE-3270845.html;https://static.1k.by/images/products/ip/125/pp5/e/3270845/i3cfa0b901.jpg;копир/сканер, A3, печать: лазерная цветная, прямая, 600x600 dpi, сканер: 600x600 dpi, скорость печати: ч/б - 35 стр/мин, цветн. - 35 стр/мин, вывод: 500 листов
Sharp MX-5050VEE;https://komp.1k.by//periphery-printers/sharp/Sharp_MX_5050VEE-3270847.html;https://static.1k.by/images/products/ip/125/ppa/2/3270847/i0f481b5a6.jpg;копир/сканер, A3, печать: лазерная цветная, прямая, 1200x1200 dpi, сканер: 600x600 dpi, скорость печати: ч/б - 50 стр/мин, цветн. - 50 стр/мин, вывод: 500 листов
Sharp MX-M5050EE;https://komp.1k.by//periphery-printers/sharp/Sharp_MX_M5050EE-3271175.html;https://static.1k.by/images/products/ip/125/pp3/8/3271175/i980d52b59.jpg;копир/сканер, A3, печать: лазерная черно-белая, прямая, сканер: 600x600 dpi, скорость печати: ч/б - 50 стр/мин, вывод: 500 листов
Sharp MX-M5070EE;https://komp.1k.by//periphery-printers/sharp/Sharp_MX_M5070EE-3271177.html;https://static.1k.by/images/products/ip/125/ppb/7/3271177/i0c617e7dc.jpg;копир/сканер, A3, печать: лазерная черно-белая, прямая, сканер: 600x600 dpi, скорость печати: ч/б - 50 стр/мин, вывод: 500 листов
Sharp MX-4060VEE;https://komp.1k.by//periphery-printers/sharp/Sharp_MX_4060VEE-3271407.html;https://static.1k.by/images/products/ip/125/pp8/1/3271407/i55faae3a8.jpg;копир/сканер, A3, печать: лазерная цветная, прямая, 1200x1200 dpi, сканер: 600x600 dpi, скорость печати: ч/б - 40 стр/мин, цветн. - 40 стр/мин, вывод: 500 листов
Sharp MX-3570VEE;https://komp.1k.by//periphery-printers/sharp/Sharp_MX_3570VEE-3271409.html;https://static.1k.by/images/products/ip/125/pp2/9/3271409/i361f8625d.jpg;копир/сканер, A3, печать: лазерная цветная, прямая, 1200x1200 dpi, сканер: 600x600 dpi, скорость печати: ч/б - 35 стр/мин, цветн. - 35 стр/мин, вывод: 500 листов
Sharp MX-3060VEE;https://komp.1k.by//periphery-printers/sharp/Sharp_MX_3060VEE-3271411.html;https://static.1k.by/images/products/ip/125/ppd/a/3271411/ib4388b1ae.jpg;копир/сканер, A3, печать: лазерная цветная, прямая, 1200x1200 dpi, сканер: 600x600 dpi, скорость печати: ч/б - 30 стр/мин, цветн. - 30 стр/мин, вывод: 500 листов
Sharp MX-4050VEE;https://komp.1k.by//periphery-printers/sharp/Sharp_MX_4050VEE-3271413.html;https://static.1k.by/images/products/ip/125/pp9/2/3271413/i613187865.jpg;копир/сканер, A3, печать: лазерная цветная, прямая, 600x600 dpi, сканер: 600x600 dpi, скорость печати: ч/б - 40 стр/мин, цветн. - 40 стр/мин, вывод: 500 листов
Sharp MX-6070VEE;https://komp.1k.by//periphery-printers/sharp/Sharp_MX_6070VEE-3271425.html;https://static.1k.by/images/products/ip/125/pp1/a/3271425/ia04943751.jpg;копир/сканер, A3, печать: лазерная цветная, прямая, 1200x1200 dpi, сканер: 600x600 dpi, скорость печати: ч/б - 60 стр/мин, цветн. - 60 стр/мин, вывод: 500 листов
Sharp MX-M3070EE;https://komp.1k.by//periphery-printers/sharp/Sharp_MX_M3070EE-3271429.html;https://static.1k.by/images/products/ip/125/pp1/f/3271429/i5025af41a.jpg;копир/сканер, A3, печать: лазерная черно-белая, прямая, сканер: 600x600 dpi, скорость печати: ч/б - 30 стр/мин, вывод: 500 листов
Sharp MX-M6070EE;https://komp.1k.by//periphery-printers/sharp/Sharp_MX_M6070EE-3271431.html;https://static.1k.by/images/products/ip/125/pp2/8/3271431/i08391b858.jpg;копир/сканер, A3, печать: лазерная черно-белая, прямая, сканер: 600x600 dpi, скорость печати: ч/б - 60 стр/мин, вывод: 500 листов
Sharp MX-M4070EE;https://komp.1k.by//periphery-printers/sharp/Sharp_MX_M4070EE-3271433.html;https://static.1k.by/images/products/ip/125/pp6/2/3271433/i9405f6bd8.jpg;копир/сканер, A3, печать: лазерная черно-белая, прямая, сканер: 600x600 dpi, скорость печати: ч/б - 40 стр/мин, вывод: 500 листов
Sharp MX-M3570EE;https://komp.1k.by//periphery-printers/sharp/Sharp_MX_M3570EE-3271435.html;https://static.1k.by/images/products/ip/125/ppc/5/3271435/i349b8b7ed.jpg;копир/сканер, A3, печать: лазерная черно-белая, прямая, сканер: 600x600 dpi, скорость печати: ч/б - 35 стр/мин, вывод: 500 листов
Sharp MX-M4050EE;https://komp.1k.by//periphery-printers/sharp/Sharp_MX_M4050EE-3271437.html;https://static.1k.by/images/products/ip/125/pp2/2/3271437/i02b6e1cfe.jpg;копир/сканер, A3, печать: лазерная черно-белая, прямая, сканер: 600x600 dpi, скорость печати: ч/б - 40 стр/мин, вывод: 500 листов
Sharp MX-6580NEE;https://komp.1k.by//periphery-printers/sharp/Sharp_MX_6580NEE-3271439.html;https://static.1k.by/images/products/ip/125/pp8/1/3271439/i8b9eb1542.jpg;копир/сканер, A3, печать: лазерная цветная, 1200x1200 dpi, сканер: 600x600 dpi, скорость печати: ч/б - 65 стр/мин, цветн. - 65 стр/мин
Sharp MX-M6050EE;https://komp.1k.by//periphery-printers/sharp/Sharp_MX_M6050EE-3271443.html;https://static.1k.by/images/products/ip/125/ppe/7/3271443/i21acf468f.jpg;копир/сканер, A3, печать: лазерная черно-белая, прямая, сканер: 600x600 dpi, скорость печати: ч/б - 60 стр/мин, вывод: 500 листов
Sharp MX-M3550EE;https://komp.1k.by//periphery-printers/sharp/Sharp_MX_M3550EE-3271445.html;https://static.1k.by/images/products/ip/125/ppa/f/3271445/ib912efbdf.jpg;копир/сканер, A3, печать: лазерная черно-белая, прямая, сканер: 600x600 dpi, скорость печати: ч/б - 35 стр/мин, вывод: 500 листов
Sharp MX-6050VEE;https://komp.1k.by//periphery-printers/sharp/Sharp_MX_6050VEE-3293191.html;https://static.1k.by/images/products/ip/125/pp7/b/3293191/if761d5133.jpg;копир/сканер, A3, печать: лазерная цветная, 1200x1200 dpi, сканер: 600x600 dpi, скорость печати: ч/б - 60 стр/мин, цветн. - 60 стр/мин, вывод: 500 листов
Sharp MX-7580NEE;https://komp.1k.by//periphery-printers/sharp/Sharp_MX_7580NEE-3293193.html;https://static.1k.by/images/products/ip/125/ppe/d/3293193/iaf48b90d5.jpg;копир/сканер, A3, печать: лазерная цветная, 1200x1200 dpi, сканер: 600x600 dpi, скорость печати: ч/б - 75 стр/мин, цветн. - 75 стр/мин
Sharp MX-B455WEE;https://komp.1k.by//periphery-printers/sharp/Sharp_MX_B455WEE-3293197.html;https://static.1k.by/images/products/ip/125/pp1/5/3293197/ied8bd12b8.jpg;копир/сканер/факс, A4, печать: лазерная черно-белая, сканер: 600x600 dpi, скорость печати: ч/б - 45 стр/мин, вывод: 250 листов
Sharp MX-M905;https://komp.1k.by//periphery-printers/sharp/Sharp_MX_M905-3294977.html;https://static.1k.by/images/products/ip/125/pp1/0/3294977/i6e8272cad.jpg;копир/сканер, A3, печать: лазерная черно-белая, прямая, сканер: 600x600 dpi, скорость печати: ч/б - 90 стр/мин
Sharp MX-M1205;https://komp.1k.by//periphery-printers/sharp/Sharp_MX_M1205-3528619.html;https://static.1k.by/images/products/ip/125/ppd/1/3528619/i2e69358e3.jpg;копир/сканер, A3, печать: лазерная черно-белая, прямая, сканер: 1200x1200 dpi, скорость печати: ч/б - 120 стр/мин
Sharp BP-10C20EU;https://komp.1k.by//periphery-printers/sharp/Sharp_BP_10C20EU-3871161.html;https://static.1k.by/images/products/ip/125/ppb/b/3871161/ic862ffd93.jpg;копир/сканер, A3, печать: лазерная цветная, прямая, 600x600 dpi, сканер: 600x600 dpi, скорость печати: ч/б - 20 стр/мин, цветн. - 20 стр/мин, airPrint
Sharp MX-2651;https://komp.1k.by//periphery-printers/sharp/Sharp_MX_2651-3944595.html;https://static.1k.by/images/products/ip/125/pp5/9/3944595/i61532ef39.jpg;копир/сканер, A3, печать: лазерная цветная, 9600x600 dpi, сканер: 600x600 dpi, скорость печати: ч/б - 26 стр/мин, цветн. - 26 стр/мин, вывод: 500 листов, airPrint
