Toshiba E-Studio 163;https://komp.1k.by//periphery-printers/toshiba/Toshiba_E_Studio_163-88697.html;https://static.1k.by/images/products/ip/125/p90000/pe/0/88697/m0848d9d2f.jpg;копир/сканер, A3, печать: лазерная черно-белая, скорость печати: ч/б - 16 стр/мин, вывод: 100 листов
Toshiba E-Studio 166;https://komp.1k.by//periphery-printers/toshiba/Toshiba_E_Studio_166-139238.html;https://static.1k.by/images/products/ip/125/p140000/p7/9/139238/m9ef93b139.jpg;копир/сканер, A3, печать: лазерная черно-белая, сканер: 600x600 dpi, скорость печати: ч/б - 16 стр/мин, вывод: 250 листов
Toshiba e-STUDIO2050C;https://komp.1k.by//periphery-printers/toshiba/Toshiba_e_STUDIO2050C-848557.html;https://static.1k.by/images/products/ip/125/p850000/pf/b/848557/ia280b1dca.jpg;копир/сканер, A3, печать: лазерная цветная, 600x600 dpi, сканер: 600x600 dpi, скорость печати: ч/б - 20 стр/мин, цветн. - 20 стр/мин
Toshiba E-Studio 160;https://komp.1k.by//periphery-printers/toshiba/Toshiba_E_Studio_160-88695.html;https://static.1k.by/images/products/ip/125/p90000/pd/4/88695/md19ae37f6.jpg;копир/сканер, A3, печать: лазерная черно-белая, скорость печати: ч/б - 16 стр/мин, вывод: 250 листов
Toshiba E-Studio 161;https://komp.1k.by//periphery-printers/toshiba/Toshiba_E_Studio_161-88696.html;https://static.1k.by/images/products/ip/125/p90000/pb/2/88696/mb081ae899.jpg;копир, A3, печать: лазерная черно-белая, скорость печати: ч/б - 16 стр/мин, вывод: 250 листов
Toshiba E-Studio 165;https://komp.1k.by//periphery-printers/toshiba/Toshiba_E_Studio_165-88698.html;https://static.1k.by/images/products/ip/125/p90000/p7/6/88698/m59744fdd6.jpg;копир/сканер/факс, A3, печать: лазерная черно-белая, сканер: 600x600 dpi, скорость печати: ч/б - 16 стр/мин, вывод: 250 листов
Toshiba E-Studio 207;https://komp.1k.by//periphery-printers/toshiba/Toshiba_E_Studio_207-89301.html;https://static.1k.by/images/products/ip/125/p90000/p2/e/89301/me3c3b16f3.jpg;копир, A3, печать: лазерная черно-белая, скорость печати: ч/б - 20 стр/мин, вывод: 250 листов
Toshiba E-Studio 232;https://komp.1k.by//periphery-printers/toshiba/Toshiba_E_Studio_232-89305.html;https://static.1k.by/images/products/ip/125/p90000/p9/4/89305/mc1049e2e1.jpg;копир/сканер, A3, печать: лазерная черно-белая, сканер: 600x600 dpi, скорость печати: ч/б - 23 стр/мин, вывод: 250 листов
Toshiba E-Studio 280;https://komp.1k.by//periphery-printers/toshiba/Toshiba_E_Studio_280-89307.html;https://static.1k.by/images/products/ip/125/p90000/p4/2/89307/mf0e007733.jpg;копир/сканер/факс, A3, печать: лазерная черно-белая, сканер: 600x600 dpi, скорость печати: ч/б - 28 стр/мин, вывод: 550 листов
Toshiba E-Studio 167;https://komp.1k.by//periphery-printers/toshiba/Toshiba_E_Studio_167-139239.html;https://static.1k.by/images/products/ip/125/p140000/p5/4/139239/m1bc0fd032.jpg;копир/сканер, A3, печать: лазерная черно-белая, сканер: 600x600 dpi, скорость печати: ч/б - 16 стр/мин, вывод: 250 листов
Toshiba E-Studio 206;https://komp.1k.by//periphery-printers/toshiba/Toshiba_E_Studio_206-139240.html;https://static.1k.by/images/products/ip/125/p140000/pf/6/139240/m978442f30.jpg;копир/сканер, A3, печать: лазерная черно-белая, сканер: 600x600 dpi, скорость печати: ч/б - 20 стр/мин, вывод: 250 листов
Toshiba E-Studio 237;https://komp.1k.by//periphery-printers/toshiba/Toshiba_E_Studio_237-139241.html;https://static.1k.by/images/products/ip/125/p140000/pe/e/139241/m9a6e4b0b7.jpg;копир/сканер, A3, печать: лазерная черно-белая, сканер: 600x600 dpi, скорость печати: ч/б - 23 стр/мин, вывод: 250 листов
Toshiba e-STUDIO181;https://komp.1k.by//periphery-printers/toshiba/Toshiba_e_STUDIO181-366969.html;https://static.1k.by/images/products/ip/125/p370000/p0/1/366969/ie8333eec4.jpg;копир/сканер, A3, печать: лазерная черно-белая, сканер: 600x600 dpi, скорость печати: ч/б - 18 стр/мин, вывод: 250 листов
Toshiba e-STUDIO182;https://komp.1k.by//periphery-printers/toshiba/Toshiba_e_STUDIO182-366970.html;https://static.1k.by/images/products/ip/125/p370000/p7/2/366970/ib13d8a013.jpg;копир/сканер, A3, печать: лазерная черно-белая, сканер: 600x600 dpi, скорость печати: ч/б - 18 стр/мин, вывод: 250 листов
Toshiba e-STUDIO211;https://komp.1k.by//periphery-printers/toshiba/Toshiba_e_STUDIO211-366971.html;https://static.1k.by/images/products/ip/125/p370000/p1/a/366971/ie6851265a.jpg;копир/сканер, A3, печать: лазерная черно-белая, сканер: 600x600 dpi, скорость печати: ч/б - 21 стр/мин, вывод: 250 листов
Toshiba e-STUDIO242;https://komp.1k.by//periphery-printers/toshiba/Toshiba_e_STUDIO242-366973.html;https://static.1k.by/images/products/ip/125/p370000/p4/c/366973/ic35c39a9b.jpg;копир/сканер, A3, печать: лазерная черно-белая, сканер: 600x600 dpi, скорость печати: ч/б - 24 стр/мин, вывод: 250 листов
Toshiba e-STUDIO 222cp;https://komp.1k.by//periphery-printers/toshiba/Toshiba_e_STUDIO_222cp-563511.html;https://static.1k.by/images/products/ip/125/p570000/p6/2/563511/i03b0b96cf.jpg;A4, печать: лазерная цветная, 1200x600 dpi, скорость печати: ч/б - 24 стр/мин, цветн. - 22 стр/мин
Toshiba e-STUDIO 262cp;https://komp.1k.by//periphery-printers/toshiba/Toshiba_e_STUDIO_262cp-563512.html;https://static.1k.by/images/products/ip/125/p570000/p7/e/563512/iaab8fc00a.jpg;A4, печать: лазерная цветная, 1200x600 dpi, скорость печати: ч/б - 30 стр/мин, цветн. - 26 стр/мин
Toshiba e-STUDIO 332p;https://komp.1k.by//periphery-printers/toshiba/Toshiba_e_STUDIO_332p-563513.html;https://static.1k.by/images/products/ip/125/p570000/p7/7/563513/i6ea5eaea4.jpg;A4, печать: лазерная черно-белая, скорость печати: ч/б - 33 стр/мин
Toshiba e-STUDIO18;https://komp.1k.by//periphery-printers/toshiba/Toshiba_e_STUDIO18-638670.html;https://static.1k.by/images/products/ip/125/p640000/p8/0/638670/i17cfec687.jpg;копир/сканер, A3, печать: лазерная черно-белая, сканер: 600x600 dpi, скорость печати: ч/б - 18 стр/мин, вывод: 250 листов, airPrint
Toshiba e-STUDIO223;https://komp.1k.by//periphery-printers/toshiba/Toshiba_e_STUDIO223-642569.html;https://static.1k.by/images/products/ip/125/p650000/p2/9/642569/if6012e8c0.jpg;копир/сканер, A3, печать: лазерная черно-белая, сканер: 600x600 dpi, скорость печати: ч/б - 22 стр/мин, вывод: 250 листов
Toshiba e-STUDIO225;https://komp.1k.by//periphery-printers/toshiba/Toshiba_e_STUDIO225-653589.html;https://static.1k.by/images/products/ip/125/p660000/p1/5/653589/i817dfb48a.jpg;копир/сканер, A3, печать: лазерная черно-белая, сканер: 600x600 dpi, скорость печати: ч/б - 22 стр/мин, вывод: 250 листов
Toshiba e-STUDIO195;https://komp.1k.by//periphery-printers/toshiba/Toshiba_e_STUDIO195-653592.html;https://static.1k.by/images/products/ip/125/p660000/p0/5/653592/i6ec14bba0.jpg;копир/сканер, A3, печать: лазерная черно-белая, сканер: 600x600 dpi, скорость печати: ч/б - 19 стр/мин, вывод: 250 листов
Toshiba e-STUDIO 656SE;https://komp.1k.by//periphery-printers/toshiba/Toshiba_e_STUDIO_656SE-740577.html;https://static.1k.by/images/products/ip/125/p750000/pc/e/740577/iacb274134.jpg;копир/сканер/факс, A3, печать: лазерная черно-белая, прямая, сканер: 600x600 dpi, скорость печати: ч/б - 65 стр/мин, вывод: 550 листов
Toshiba e-STUDIO332s;https://komp.1k.by//periphery-printers/toshiba/Toshiba_e_STUDIO332s-751716.html;https://static.1k.by/images/products/ip/125/p760000/p4/6/751716/i57ce45264.jpg;копир/сканер, A4 черно-белая, прямая, сканер: 600x600 dpi, скорость печати: ч/б - 33 стр/мин, вывод: 250 листов
Toshiba e-STUDIO257;https://komp.1k.by//periphery-printers/toshiba/Toshiba_e_STUDIO257-1699403.html;https://static.1k.by/images/products/ip/125/pp2/5/1699403/idcb4f3fd3.jpg;копир/сканер, A3, печать: лазерная черно-белая, прямая, сканер: 600x600 dpi, скорость печати: ч/б - 25 стр/мин, вывод: 550 листов, Wi-Fi, airPrint
Toshiba e-STUDIO2802AM;https://komp.1k.by//periphery-printers/toshiba/Toshiba_e_STUDIO2802AM-2460567.html;https://static.1k.by/images/products/ip/125/pp0/b/2460567/i2aa590a07.jpg;копир/сканер, A3, печать: лазерная черно-белая, сканер: 600x600 dpi, скорость печати: ч/б - 28 стр/мин, вывод: 100 листов
Toshiba e-STUDIO2809A;https://komp.1k.by//periphery-printers/toshiba/Toshiba_e_STUDIO2809A-2465433.html;https://static.1k.by/images/products/ip/125/ppf/e/2465433/i50dbf1261.jpg;копир/сканер, A4, печать: лазерная черно-белая, сканер: 600x600 dpi, скорость печати: ч/б - 6.4 стр/мин
Toshiba e-STUDIO2309A;https://komp.1k.by//periphery-printers/toshiba/Toshiba_e_STUDIO2309A-2465435.html;https://static.1k.by/images/products/ip/125/ppa/f/2465435/icd02b3380.jpg;копир/сканер, A4, печать: лазерная черно-белая, сканер: 600x600 dpi, скорость печати: ч/б - 23 стр/мин
Toshiba e-STUDIO2303AM;https://komp.1k.by//periphery-printers/toshiba/Toshiba_e_STUDIO2303AM-2674911.html;https://static.1k.by/images/products/ip/125/pp0/a/2674911/i1e1797799.jpg;копир/сканер, A3, печать: лазерная черно-белая, сканер: 600x600 dpi, скорость печати: ч/б - 23 стр/мин, вывод: 100 листов
Toshiba e-Studio 2000AC;https://komp.1k.by//periphery-printers/toshiba/Toshiba_e_Studio_2000AC-2842361.html;https://static.1k.by/images/products/ip/125/pp2/6/2842361/i83cbe3c88.jpg;копир/сканер, A3, печать: лазерная цветная, прямая, 600x1200 dpi, сканер: 600x600 dpi, скорость печати: ч/б - 20 стр/мин, цветн. - 20 стр/мин, вывод: 550 листов
Toshiba e-STUDIO8508A;https://komp.1k.by//periphery-printers/toshiba/Toshiba_e_STUDIO8508A-2977759.html;https://static.1k.by/images/products/ip/125/pp1/d/2977759/i1d4e398b6.jpg;копир/сканер, A3, печать: лазерная черно-белая, прямая, сканер: 600x600 dpi, скорость печати: ч/б - 85 стр/мин, airPrint
Toshiba e-STUDIO5508A;https://komp.1k.by//periphery-printers/toshiba/Toshiba_e_STUDIO5508A-2977763.html;https://static.1k.by/images/products/ip/125/ppc/0/2977763/i8dbcd4dfb.jpg;копир/сканер, A3, печать: лазерная черно-белая, прямая, сканер: 600x600 dpi, скорость печати: ч/б - 55 стр/мин, airPrint
Toshiba e-STUDIO7506AC;https://komp.1k.by//periphery-printers/toshiba/Toshiba_e_STUDIO7506AC-2986301.html;https://static.1k.by/images/products/ip/125/ppa/7/2986301/i12c6b4a7c.jpg;копир/сканер, A3, печать: лазерная цветная, прямая, 600x600 dpi, сканер: 600x600 dpi, скорость печати: ч/б - 85 стр/мин, цветн. - 75 стр/мин, вывод: 100 листов, airPrint
Toshiba e-STUDIO2803AM;https://komp.1k.by//periphery-printers/toshiba/Toshiba_e_STUDIO2803AM-3003813.html;https://static.1k.by/images/products/ip/125/ppb/c/3003813/ib671fb3fa.jpg;копир/сканер, A3, печать: лазерная черно-белая, прямая, сканер: 600x600 dpi, скорость печати: ч/б - 28 стр/мин, вывод: 100 листов
Toshiba e-STUDIO3515AC;https://komp.1k.by//periphery-printers/toshiba/Toshiba_e_STUDIO3515AC-3872823.html;https://static.1k.by/images/products/ip/125/pp0/2/3872823/ica03a88ed.jpg;копир/сканер, A3, печать: лазерная цветная, прямая, 1200x1200 dpi, сканер: 600x600 dpi, скорость печати: ч/б - 35 стр/мин, цветн. - 35 стр/мин, вывод: 400 листов, airPrint
Toshiba DP 2570;https://komp.1k.by//periphery-printers/toshiba/Toshiba_DP_2570-88690.html;https://static.1k.by/images/products/ip/125/p90000/p8/d/88690/mf91ed3e71.jpg;копир, A3, печать: лазерная черно-белая, скорость печати: ч/б - 25 стр/мин, вывод: 600 листов
Toshiba E-Studio 120;https://komp.1k.by//periphery-printers/toshiba/Toshiba_E_Studio_120-88691.html;https://static.1k.by/images/products/ip/125/p90000/pc/2/88691/ma2e566257.jpg;копир/сканер, A4, печать: лазерная черно-белая, скорость печати: ч/б - 12 стр/мин, вывод: 250 листов
Toshiba E-Studio 15;https://komp.1k.by//periphery-printers/toshiba/Toshiba_E_Studio_15-88692.html;https://static.1k.by/images/products/ip/125/p90000/p0/c/88692/ma77aabca2.jpg;копир/сканер, A4, печать: лазерная черно-белая, скорость печати: ч/б - 15 стр/мин, вывод: 250 листов
Toshiba E-Studio 150;https://komp.1k.by//periphery-printers/toshiba/Toshiba_E_Studio_150-88693.html;https://static.1k.by/images/products/ip/125/p90000/p2/2/88693/mc32c997eb.jpg;копир/сканер, A4, печать: лазерная черно-белая, скорость печати: ч/б - 15 стр/мин, вывод: 250 листов
Toshiba E-Studio 16;https://komp.1k.by//periphery-printers/toshiba/Toshiba_E_Studio_16-88694.html;https://static.1k.by/images/products/ip/125/p90000/pd/1/88694/m98bf3e4c5.jpg;копир/сканер, A3, печать: лазерная черно-белая, скорость печати: ч/б - 16 стр/мин
Toshiba E-Studio 203;https://komp.1k.by//periphery-printers/toshiba/Toshiba_E_Studio_203-88699.html;https://static.1k.by/images/products/ip/125/p90000/p2/5/88699/m453fffe3c.jpg;копир/сканер, A3, печать: лазерная черно-белая, скорость печати: ч/б - 20 стр/мин, вывод: 250 листов
Toshiba E-Studio 205;https://komp.1k.by//periphery-printers/toshiba/Toshiba_E_Studio_205-89300.html;https://static.1k.by/images/products/ip/125/p90000/p1/2/89300/mfbb94554a.jpg;копир/сканер/факс, A3, печать: лазерная черно-белая, сканер: 600x600 dpi, скорость печати: ч/б - 20 стр/мин, вывод: 250 листов
Toshiba E-Studio 211C;https://komp.1k.by//periphery-printers/toshiba/Toshiba_E_Studio_211C-89303.html;https://static.1k.by/images/products/ip/125/p90000/p4/c/89303/m057e5fbf4.jpg;копир/сканер, A3, печать: лазерная цветная, скорость печати: ч/б - 31 стр/мин, вывод: 300 листов
Toshiba E-Studio 230L;https://komp.1k.by//periphery-printers/toshiba/Toshiba_E_Studio_230L-89304.html;https://static.1k.by/images/products/ip/125/p90000/p5/8/89304/ma68acf183.jpg;копир/сканер, A3, печать: лазерная черно-белая, скорость печати: ч/б - 23 стр/мин, вывод: 550 листов
Toshiba E-Studio 2500C;https://komp.1k.by//periphery-printers/toshiba/Toshiba_E_Studio_2500C-89306.html;https://static.1k.by/images/products/ip/125/p90000/p2/6/89306/m04723f5a4.jpg;копир/сканер, A3, печать: лазерная цветная, 600x600 dpi, сканер: 600x600 dpi, скорость печати: ч/б - 35 стр/мин, цветн. - 25 стр/мин
Toshiba E-Studio 281C;https://komp.1k.by//periphery-printers/toshiba/Toshiba_E_Studio_281C-89308.html;https://static.1k.by/images/products/ip/125/p90000/p8/3/89308/m35f24068d.jpg;копир/сканер, A3, печать: лазерная цветная, 2400x600 dpi, скорость печати: ч/б - 28 стр/мин, цветн. - 11 стр/мин, вывод: 550 листов
Toshiba E-Studio 282;https://komp.1k.by//periphery-printers/toshiba/Toshiba_E_Studio_282-89309.html;https://static.1k.by/images/products/ip/125/p90000/p3/f/89309/m6e4bc2f31.jpg;копир/сканер/факс, A3, печать: лазерная черно-белая, скорость печати: ч/б - 28 стр/мин, вывод: 550 листов
Toshiba E-Studio 311C;https://komp.1k.by//periphery-printers/toshiba/Toshiba_E_Studio_311C-89310.html;https://static.1k.by/images/products/ip/125/p90000/pf/b/89310/m4487c5341.jpg;копир/сканер, A3, печать: лазерная цветная, скорость печати: ч/б - 31 стр/мин, вывод: 300 листов
Toshiba E-Studio 35;https://komp.1k.by//periphery-printers/toshiba/Toshiba_E_Studio_35-89311.html;https://static.1k.by/images/products/ip/125/p90000/pe/3/89311/m51517b9cf.jpg;копир/сканер/факс, A3, печать: лазерная черно-белая, сканер: 600x600 dpi, скорость печати: ч/б - 35 стр/мин, вывод: 500 листов
Toshiba E-Studio 350;https://komp.1k.by//periphery-printers/toshiba/Toshiba_E_Studio_350-89312.html;https://static.1k.by/images/products/ip/125/p90000/p8/a/89312/m3d127cf09.jpg;копир/сканер, A3, печать: лазерная черно-белая, скорость печати: ч/б - 35 стр/мин, вывод: 550 листов
Toshiba E-Studio 3500C;https://komp.1k.by//periphery-printers/toshiba/Toshiba_E_Studio_3500C-89313.html;https://static.1k.by/images/products/ip/125/p90000/p0/1/89313/mec80fac04.jpg;копир/сканер, A3, печать: лазерная цветная, 600x600 dpi, сканер: 600x600 dpi, скорость печати: ч/б - 35 стр/мин, цветн. - 35 стр/мин
Toshiba E-Studio 3510C;https://komp.1k.by//periphery-printers/toshiba/Toshiba_E_Studio_3510C-89314.html;https://static.1k.by/images/products/ip/125/p90000/p4/f/89314/mde069fe0b.jpg;копир/сканер, A3, печать: лазерная цветная, 600x600 dpi, сканер: 600x600 dpi, скорость печати: ч/б - 45 стр/мин, цветн. - 35 стр/мин
Toshiba E-Studio 351c;https://komp.1k.by//periphery-printers/toshiba/Toshiba_E_Studio_351c-89315.html;https://static.1k.by/images/products/ip/125/p90000/p5/c/89315/m9f74d29aa.jpg;копир/сканер, A3, печать: лазерная цветная, 600x600 dpi, сканер: 600x600 dpi, скорость печати: ч/б - 35 стр/мин, цветн. - 11 стр/мин, вывод: 550 листов
Toshiba E-Studio 352;https://komp.1k.by//periphery-printers/toshiba/Toshiba_E_Studio_352-89316.html;https://static.1k.by/images/products/ip/125/p90000/p9/a/89316/mecee061f1.jpg;копир/сканер, A3, печать: лазерная черно-белая, скорость печати: ч/б - 35 стр/мин, вывод: 550 листов
Toshiba E-Studio 451c;https://komp.1k.by//periphery-printers/toshiba/Toshiba_E_Studio_451c-89317.html;https://static.1k.by/images/products/ip/125/p90000/pd/9/89317/m09d4093a2.jpg;копир/сканер, A3, печать: лазерная цветная, 1200x600 dpi, сканер: 600x600 dpi, скорость печати: ч/б - 45 стр/мин, цветн. - 11 стр/мин, вывод: 550 листов
Toshiba E-Studio 452;https://komp.1k.by//periphery-printers/toshiba/Toshiba_E_Studio_452-89318.html;https://static.1k.by/images/products/ip/125/p90000/p1/d/89318/m0cad87888.jpg;копир/сканер, A3, печать: лазерная черно-белая, сканер: 600x600 dpi, скорость печати: ч/б - 45 стр/мин, вывод: 550 листов, Bluetooth, Wi-Fi
Toshiba E-Studio 180S;https://komp.1k.by//periphery-printers/toshiba/Toshiba_E_Studio_180S-104988.html;https://static.1k.by/images/products/ip/125/p110000/p7/6/104988/m1b68446cc.jpg;копир/сканер, A4, печать: лазерная черно-белая, скорость печати: ч/б - 18 стр/мин
Toshiba E-Studio 200S;https://komp.1k.by//periphery-printers/toshiba/Toshiba_E_Studio_200S-104989.html;https://static.1k.by/images/products/ip/125/p110000/p7/d/104989/m4f499748d.jpg;копир/сканер/факс, A4, печать: лазерная черно-белая, сканер: 600x600 dpi, скорость печати: ч/б - 20 стр/мин, вывод: 50 листов
Toshiba E-Studio 210C;https://komp.1k.by//periphery-printers/toshiba/Toshiba_E_Studio_210C-160758.html;https://static.1k.by/images/products/ip/125/p170000/p4/4/160758/m98158278f.jpg;копир/сканер, A3, печать: лазерная цветная, скорость печати: ч/б - 31 стр/мин, вывод: 300 листов
Toshiba e-STUDIO2330c;https://komp.1k.by//periphery-printers/toshiba/Toshiba_e_STUDIO2330c-180530.html;https://static.1k.by/images/products/ip/125/p190000/p0/4/180530/i64108539d.jpg;копир/сканер, A3, печать: лазерная цветная, прямая, 600x600 dpi, сканер: 600x600 dpi, скорость печати: ч/б - 28 стр/мин, цветн. - 23 стр/мин
Toshiba e-STUDIO4520c;https://komp.1k.by//periphery-printers/toshiba/Toshiba_e_STUDIO4520c-180533.html;https://static.1k.by/images/products/ip/125/p190000/p9/4/180533/if8107caf8.jpg;копир/сканер, A3, печать: лазерная цветная, 600x600 dpi, сканер: 600x600 dpi, скорость печати: ч/б - 45 стр/мин, цветн. - 22 стр/мин
Toshiba e-STUDIO3520c;https://komp.1k.by//periphery-printers/toshiba/Toshiba_e_STUDIO3520c-180645.html;https://static.1k.by/images/products/ip/125/p190000/pa/c/180645/i52ede5210.jpg;копир/сканер, A3, печать: лазерная цветная, прямая, 600x600 dpi, сканер: 600x600 dpi, скорость печати: ч/б - 35 стр/мин, цветн. - 35 стр/мин
Toshiba e-STUDIO2820c;https://komp.1k.by//periphery-printers/toshiba/Toshiba_e_STUDIO2820c-181863.html;https://static.1k.by/images/products/ip/125/p190000/pc/f/181863/i36a2aed79.jpg;копир/сканер, A3, печать: лазерная цветная, прямая, 600x600 dpi, сканер: 600x600 dpi, скорость печати: ч/б - 28 стр/мин, цветн. - 28 стр/мин
Toshiba e-STUDIO255;https://komp.1k.by//periphery-printers/toshiba/Toshiba_e_STUDIO255-288142.html;https://static.1k.by/images/products/ip/125/p290000/pc/8/288142/i019a9748e.jpg;копир/сканер, A3, печать: лазерная черно-белая, сканер: 600x600 dpi, скорость печати: ч/б - 25 стр/мин, вывод: 550 листов
Toshiba e-STUDIO305;https://komp.1k.by//periphery-printers/toshiba/Toshiba_e_STUDIO305-288143.html;https://static.1k.by/images/products/ip/125/p290000/p7/f/288143/i9560ff558.jpg;копир/сканер, A3, печать: лазерная черно-белая, сканер: 600x600 dpi, скорость печати: ч/б - 30 стр/мин, вывод: 550 листов
Toshiba e-STUDIO355;https://komp.1k.by//periphery-printers/toshiba/Toshiba_e_STUDIO355-288144.html;https://static.1k.by/images/products/ip/125/p290000/p1/1/288144/i69acf92d0.jpg;копир/сканер, A3, печать: лазерная черно-белая, сканер: 600x600 dpi, скорость печати: ч/б - 35 стр/мин, вывод: 250 листов
Toshiba e-STUDIO455;https://komp.1k.by//periphery-printers/toshiba/Toshiba_e_STUDIO455-288145.html;https://static.1k.by/images/products/ip/125/p290000/p4/8/288145/i0ea194c41.jpg;копир/сканер, A3, печать: лазерная черно-белая, сканер: 600x600 dpi, скорость печати: ч/б - 45 стр/мин, вывод: 250 листов
Toshiba e-STUDIO5520c;https://komp.1k.by//periphery-printers/toshiba/Toshiba_e_STUDIO5520c-288146.html;https://static.1k.by/images/products/ip/125/p290000/p7/4/288146/ie86f752ea.jpg;копир/сканер, A3, печать: лазерная цветная, 1200x1200 dpi, сканер: 600x600 dpi, скорость печати: ч/б - 55 стр/мин, цветн. - 55 стр/мин
Toshiba e-STUDIO555;https://komp.1k.by//periphery-printers/toshiba/Toshiba_e_STUDIO555-288147.html;https://static.1k.by/images/products/ip/125/p290000/p2/0/288147/i57d8d7b52.jpg;копир/сканер, A3, печать: лазерная черно-белая, сканер: 600x600 dpi, скорость печати: ч/б - 55 стр/мин
Toshiba e-STUDIO6520c;https://komp.1k.by//periphery-printers/toshiba/Toshiba_e_STUDIO6520c-288742.html;https://static.1k.by/images/products/ip/125/p290000/pe/3/288742/i6967610f3.jpg;копир/сканер, A3, печать: лазерная цветная, 1200x1200 dpi, сканер: 600x600 dpi, скорость печати: ч/б - 65 стр/мин, цветн. - 65 стр/мин
Toshiba e-STUDIO6530c;https://komp.1k.by//periphery-printers/toshiba/Toshiba_e_STUDIO6530c-288743.html;https://static.1k.by/images/products/ip/125/p290000/p8/e/288743/ie5384007c.jpg;копир/сканер, A3, печать: лазерная цветная, 1200x1200 dpi, сканер: 600x600 dpi, скорость печати: ч/б - 75 стр/мин, цветн. - 65 стр/мин
Toshiba e-STUDIO655;https://komp.1k.by//periphery-printers/toshiba/Toshiba_e_STUDIO655-288744.html;https://static.1k.by/images/products/ip/125/p290000/p6/2/288744/i066ae912c.jpg;копир/сканер, A3, печать: лазерная черно-белая, сканер: 600x600 dpi, скорость печати: ч/б - 65 стр/мин
Toshiba e-STUDIO755;https://komp.1k.by//periphery-printers/toshiba/Toshiba_e_STUDIO755-288745.html;https://static.1k.by/images/products/ip/125/p290000/p9/3/288745/ia7fa83051.jpg;копир/сканер, A3, печать: лазерная черно-белая, сканер: 600x600 dpi, скорость печати: ч/б - 75 стр/мин
Toshiba e-STUDIO855;https://komp.1k.by//periphery-printers/toshiba/Toshiba_e_STUDIO855-288746.html;https://static.1k.by/images/products/ip/125/p290000/pe/8/288746/i8adc59ac4.jpg;копир/сканер, A3, печать: лазерная черно-белая, сканер: 600x600 dpi, скорость печати: ч/б - 85 стр/мин
Toshiba e-STUDIO212;https://komp.1k.by//periphery-printers/toshiba/Toshiba_e_STUDIO212-366972.html;https://static.1k.by/images/products/ip/125/p370000/p7/8/366972/ifd3b5b176.jpg;копир/сканер, A3, печать: лазерная черно-белая, сканер: 600x600 dpi, скорость печати: ч/б - 21 стр/мин, вывод: 250 листов
Toshiba e-STUDIO2020c;https://komp.1k.by//periphery-printers/toshiba/Toshiba_e_STUDIO2020c-412581.html;https://static.1k.by/images/products/ip/125/p420000/p8/7/412581/icbbe4d9fd.jpg;копир/сканер, A3, печать: лазерная цветная, 600x600 dpi, сканер: 600x600 dpi, скорость печати: ч/б - 20 стр/мин, цветн. - 20 стр/мин
Toshiba e-STUDIO 222cs;https://komp.1k.by//periphery-printers/toshiba/Toshiba_e_STUDIO_222cs-558540.html;https://static.1k.by/images/products/ip/125/p560000/p9/2/558540/ib775fb962.jpg;копир/сканер, A4, печать: лазерная цветная, 1200x600 dpi, сканер: 600x600 dpi, скорость печати: ч/б - 24 стр/мин, цветн. - 22 стр/мин, вывод: 250 листов
Toshiba e-STUDIO 263cs;https://komp.1k.by//periphery-printers/toshiba/Toshiba_e_STUDIO_263cs-558541.html;https://static.1k.by/images/products/ip/125/p560000/pc/8/558541/ide82c94c5.jpg;копир/сканер/факс, A4, печать: лазерная цветная, 1200x600 dpi, сканер: 600x600 dpi, скорость печати: ч/б - 30 стр/мин, цветн. - 26 стр/мин
Toshiba e-STUDIO 382p;https://komp.1k.by//periphery-printers/toshiba/Toshiba_e_STUDIO_382p-563514.html;https://static.1k.by/images/products/ip/125/p570000/p3/2/563514/i3aa9e9eb4.jpg;A4, печать: лазерная черно-белая, скорость печати: ч/б - 38 стр/мин
Toshiba e-STUDIO2040c;https://komp.1k.by//periphery-printers/toshiba/Toshiba_e_STUDIO2040c-575707.html;https://static.1k.by/images/products/ip/125/p580000/pb/b/575707/i29d11b93e.jpg;копир/сканер, A3, печать: лазерная цветная, 600x600 dpi, сканер: 600x600 dpi, скорость печати: ч/б - 20 стр/мин, цветн. - 20 стр/мин
Toshiba e-STUDIO2540c;https://komp.1k.by//periphery-printers/toshiba/Toshiba_e_STUDIO2540c-575708.html;https://static.1k.by/images/products/ip/125/p580000/pe/9/575708/i1cdc6333c.jpg;копир/сканер, A3, печать: лазерная цветная, 600x600 dpi, сканер: 600x600 dpi, скорость печати: ч/б - 25 стр/мин, цветн. - 25 стр/мин
Toshiba e-STUDIO3040c;https://komp.1k.by//periphery-printers/toshiba/Toshiba_e_STUDIO3040c-575709.html;https://static.1k.by/images/products/ip/125/p580000/p2/b/575709/ifb2cbfa2e.jpg;копир/сканер, A3, печать: лазерная цветная, 600x600 dpi, сканер: 600x600 dpi, скорость печати: ч/б - 30 стр/мин, цветн. - 30 стр/мин
Toshiba e-STUDIO3540c;https://komp.1k.by//periphery-printers/toshiba/Toshiba_e_STUDIO3540c-575710.html;https://static.1k.by/images/products/ip/125/p580000/pb/5/575710/if3bded91a.jpg;копир/сканер, A3, печать: лазерная цветная, 600x600 dpi, сканер: 600x600 dpi, скорость печати: ч/б - 35 стр/мин, цветн. - 35 стр/мин
Toshiba e-STUDIO4540c;https://komp.1k.by//periphery-printers/toshiba/Toshiba_e_STUDIO4540c-575711.html;https://static.1k.by/images/products/ip/125/p580000/pa/f/575711/ieacc71dfc.jpg;копир/сканер, A3, печать: лазерная цветная, 600x600 dpi, сканер: 600x600 dpi, скорость печати: ч/б - 45 стр/мин, цветн. - 45 стр/мин
Toshiba e-STUDIO5540c;https://komp.1k.by//periphery-printers/toshiba/Toshiba_e_STUDIO5540c-575712.html;https://static.1k.by/images/products/ip/125/p580000/p2/2/575712/i808fdbedf.jpg;копир/сканер, A3, печать: лазерная цветная, 1200x1200 dpi, сканер: 600x600 dpi, скорость печати: ч/б - 55 стр/мин, цветн. - 55 стр/мин
Toshiba e-STUDIO6540c;https://komp.1k.by//periphery-printers/toshiba/Toshiba_e_STUDIO6540c-575713.html;https://static.1k.by/images/products/ip/125/p580000/p6/b/575713/i423e1a3ab.jpg;копир/сканер, A3, печать: лазерная цветная, 1200x1200 dpi, сканер: 600x600 dpi, скорость печати: ч/б - 65 стр/мин, цветн. - 65 стр/мин
Toshiba e-STUDIO6550c;https://komp.1k.by//periphery-printers/toshiba/Toshiba_e_STUDIO6550c-575714.html;https://static.1k.by/images/products/ip/125/p580000/p3/7/575714/i72114e35f.jpg;копир/сканер, A3, печать: лазерная цветная, 1200x1200 dpi, сканер: 600x600 dpi, скорость печати: ч/б - 75 стр/мин, цветн. - 65 стр/мин
Toshiba e-STUDIO243;https://komp.1k.by//periphery-printers/toshiba/Toshiba_e_STUDIO243-642568.html;https://static.1k.by/images/products/ip/125/p650000/pf/9/642568/if5aede76f.jpg;копир/сканер, A3, печать: лазерная черно-белая, сканер: 600x600 dpi, скорость печати: ч/б - 24 стр/мин, вывод: 250 листов
Toshiba e-STUDIO245;https://komp.1k.by//periphery-printers/toshiba/Toshiba_e_STUDIO245-653588.html;https://static.1k.by/images/products/ip/125/p660000/p5/f/653588/i95dd65c40.jpg;копир/сканер, A3, печать: лазерная черно-белая, сканер: 600x600 dpi, скорость печати: ч/б - 25 стр/мин, вывод: 250 листов
Toshiba e-STUDIO223cs;https://komp.1k.by//periphery-printers/toshiba/Toshiba_e_STUDIO223cs-653590.html;https://static.1k.by/images/products/ip/125/p660000/p5/f/653590/ib1676f721.jpg;копир/сканер/факс, A4, печать: светодиодная цветная, прямая, 1200x600 dpi, сканер: 600x600 dpi, скорость печати: ч/б - 24 стр/мин, цветн. - 22 стр/мин, вывод: 250 листов
Toshiba e-STUDIO202s;https://komp.1k.by//periphery-printers/toshiba/Toshiba_e_STUDIO202s-653591.html;https://static.1k.by/images/products/ip/125/p660000/p4/a/653591/i131aad33d.jpg;копир/сканер, A4, печать: лазерная черно-белая, сканер: 600x1200 dpi, скорость печати: ч/б - 15 стр/мин
Toshiba E-Studio 453;https://komp.1k.by//periphery-printers/toshiba/Toshiba_E_Studio_453-713695.html;https://static.1k.by/images/products/ip/125/p720000/p8/e/713695/ib4b268089.jpg;копир/сканер, A3, печать: лазерная черно-белая, сканер: 600x600 dpi, скорость печати: ч/б - 45 стр/мин, вывод: 550 листов, Bluetooth, Wi-Fi
Toshiba e-STUDIO 506SE;https://komp.1k.by//periphery-printers/toshiba/Toshiba_e_STUDIO_506SE-725759.html;https://static.1k.by/images/products/ip/125/p730000/p1/9/725759/if7a6af539.jpg;копир/сканер, A3, печать: лазерная черно-белая, прямая, сканер: 600x600 dpi, скорость печати: ч/б - 50 стр/мин, вывод: 550 листов
Toshiba e-STUDIO 456SE;https://komp.1k.by//periphery-printers/toshiba/Toshiba_e_STUDIO_456SE-725760.html;https://static.1k.by/images/products/ip/125/p730000/pb/3/725760/i7be74260e.jpg;копир/сканер, A3, печать: лазерная черно-белая, прямая, сканер: 600x600 dpi, скорость печати: ч/б - 45 стр/мин, вывод: 550 листов
Toshiba e-STUDIO 306SE;https://komp.1k.by//periphery-printers/toshiba/Toshiba_e_STUDIO_306SE-725761.html;https://static.1k.by/images/products/ip/125/p730000/p7/a/725761/i135e9ea91.jpg;копир/сканер, A3, печать: лазерная черно-белая, прямая, сканер: 600x600 dpi, скорость печати: ч/б - 30 стр/мин, вывод: 550 листов
Toshiba e-STUDIO 256SE;https://komp.1k.by//periphery-printers/toshiba/Toshiba_e_STUDIO_256SE-725762.html;https://static.1k.by/images/products/ip/125/p730000/pf/f/725762/i88261e0bb.jpg;копир/сканер, A3, печать: лазерная черно-белая, прямая, сканер: 600x600 dpi, скорость печати: ч/б - 25 стр/мин, вывод: 550 листов
Toshiba e-STUDIO 356SE;https://komp.1k.by//periphery-printers/toshiba/Toshiba_e_STUDIO_356SE-728872.html;https://static.1k.by/images/products/ip/125/p730000/p5/b/728872/i943d972a9.jpg;копир/сканер, A3, печать: лазерная черно-белая, прямая, сканер: 600x600 dpi, скорость печати: ч/б - 35 стр/мин, вывод: 550 листов
Toshiba e-STUDIO403S;https://komp.1k.by//periphery-printers/toshiba/Toshiba_e_STUDIO403S-729928.html;https://static.1k.by/images/products/ip/125/p730000/p5/f/729928/i2eddceacf.jpg;копир/сканер/факс, A4, печать: лазерная черно-белая, прямая, сканер: 600x600 dpi, скорость печати: ч/б - 40 стр/мин, вывод: 250 листов
Toshiba e-STUDIO 856SE;https://komp.1k.by//periphery-printers/toshiba/Toshiba_e_STUDIO_856SE-740575.html;https://static.1k.by/images/products/ip/125/p750000/p4/1/740575/i1ede098cc.jpg;копир/сканер/факс, A3, печать: лазерная черно-белая, прямая, сканер: 600x600 dpi, скорость печати: ч/б - 85 стр/мин, вывод: 550 листов
Toshiba e-STUDIO 756SE;https://komp.1k.by//periphery-printers/toshiba/Toshiba_e_STUDIO_756SE-740576.html;https://static.1k.by/images/products/ip/125/p750000/p9/2/740576/ic38a6d831.jpg;копир/сканер/факс, A3, печать: лазерная черно-белая, прямая, сканер: 600x600 dpi, скорость печати: ч/б - 75 стр/мин, вывод: 550 листов
Toshiba e-STUDIO 556SE;https://komp.1k.by//periphery-printers/toshiba/Toshiba_e_STUDIO_556SE-740578.html;https://static.1k.by/images/products/ip/125/p750000/p8/f/740578/i91e4dce85.jpg;копир/сканер/факс, A3, печать: лазерная черно-белая, прямая, сканер: 600x600 dpi, скорость печати: ч/б - 55 стр/мин, вывод: 550 листов
Toshiba e-STUDIO383P;https://komp.1k.by//periphery-printers/toshiba/Toshiba_e_STUDIO383P-817177.html;https://static.1k.by/images/products/ip/125/p820000/pf/8/817177/iba5450f94.jpg;A4, печать: светодиодная черно-белая, скорость печати: ч/б - 38 стр/мин, вывод: 250 листов
Toshiba e-STUDIO263CP;https://komp.1k.by//periphery-printers/toshiba/Toshiba_e_STUDIO263CP-817185.html;https://static.1k.by/images/products/ip/125/p820000/pa/d/817185/i9412bef34.jpg;A4, печать: светодиодная цветная, 1200x600 dpi, скорость печати: ч/б - 30 стр/мин, цветн. - 36 стр/мин, вывод: 250 листов
Toshiba e-STUDIO2551C;https://komp.1k.by//periphery-printers/toshiba/Toshiba_e_STUDIO2551C-817187.html;https://static.1k.by/images/products/ip/125/p820000/pe/8/817187/i0a2f29cd0.jpg;копир/сканер, A3, печать: лазерная цветная, 600x600 dpi, сканер: 600x600 dpi, скорость печати: ч/б - 25 стр/мин, цветн. - 25 стр/мин
Toshiba e-STUDIO2550C;https://komp.1k.by//periphery-printers/toshiba/Toshiba_e_STUDIO2550C-817189.html;https://static.1k.by/images/products/ip/125/p820000/pd/5/817189/id85acfc26.jpg;копир/сканер, A3, печать: лазерная цветная, 600x600 dpi, сканер: 600x600 dpi, скорость печати: ч/б - 25 стр/мин, цветн. - 25 стр/мин
Toshiba e-STUDIO224CS;https://komp.1k.by//periphery-printers/toshiba/Toshiba_e_STUDIO224CS-817191.html;https://static.1k.by/images/products/ip/125/p820000/p7/7/817191/i0391a7da9.jpg;копир/сканер/факс, A4, печать: светодиодная цветная, прямая, 1200x600 dpi, сканер: 600x600 dpi, скорость печати: ч/б - 24 стр/мин, цветн. - 22 стр/мин, вывод: 250 листов
Toshiba e-STUDIO2051C;https://komp.1k.by//periphery-printers/toshiba/Toshiba_e_STUDIO2051C-817193.html;https://static.1k.by/images/products/ip/125/p820000/p9/9/817193/i419142227.jpg;копир/сканер, A3, печать: лазерная цветная, 600x600 dpi, сканер: 600x600 dpi, скорость печати: ч/б - 20 стр/мин, цветн. - 20 стр/мин
Toshiba e-STUDIO264CS;https://komp.1k.by//periphery-printers/toshiba/Toshiba_e_STUDIO264CS-870647.html;https://static.1k.by/images/products/ip/125/p880000/p4/c/870647/iffbd3ab06.jpg;копир/сканер/факс, A4, печать: лазерная цветная, 1200x600 dpi, сканер: 600x600 dpi, скорость печати: ч/б - 30 стр/мин, цветн. - 26 стр/мин, вывод: 250 листов
Toshiba e-STUDIO470p;https://komp.1k.by//periphery-printers/toshiba/Toshiba_e_STUDIO470p-1348375.html;https://static.1k.by/images/products/ip/125/ppd/0/1348375/i6df40e260.jpg;A4, печать: лазерная черно-белая, скорость печати: ч/б - 47 стр/мин, вывод: 250 листов
Toshiba e-STUDIO520P;https://komp.1k.by//periphery-printers/toshiba/Toshiba_e_STUDIO520P-1348377.html;https://static.1k.by/images/products/ip/125/ppc/f/1348377/iae4c7ed85.jpg;A4, печать: лазерная черно-белая, прямая, скорость печати: ч/б - 52 стр/мин, вывод: 550 листов
Toshiba e-STUDIO6570c;https://komp.1k.by//periphery-printers/toshiba/Toshiba_e_STUDIO6570c-1348971.html;https://static.1k.by/images/products/ip/125/pp1/a/1348971/i61dc3ac53.jpg;копир/сканер, A3, печать: лазерная цветная, 1200x1200 dpi, сканер: 600x600 dpi, скорость печати: ч/б - 75 стр/мин, цветн. - 65 стр/мин
Toshiba e-STUDIO6560c;https://komp.1k.by//periphery-printers/toshiba/Toshiba_e_STUDIO6560c-1348973.html;https://static.1k.by/images/products/ip/125/ppf/e/1348973/ic7e52bb1c.jpg;копир/сканер, A3, печать: лазерная цветная, 1200x1200 dpi, сканер: 600x600 dpi, скорость печати: ч/б - 65 стр/мин, цветн. - 65 стр/мин
Toshiba e-STUDIO5560c;https://komp.1k.by//periphery-printers/toshiba/Toshiba_e_STUDIO5560c-1348975.html;https://static.1k.by/images/products/ip/125/pp9/a/1348975/i08ff4303f.jpg;копир/сканер, A3, печать: лазерная цветная, 1200x1200 dpi, сканер: 600x600 dpi, скорость печати: ч/б - 55 стр/мин, цветн. - 55 стр/мин
Toshiba e-STUDIO1355;https://komp.1k.by//periphery-printers/toshiba/Toshiba_e_STUDIO1355-1699375.html;https://static.1k.by/images/products/ip/125/pp7/a/1699375/i840e4ea13.jpg;копир/сканер, A3, печать: лазерная черно-белая, сканер: 600x600 dpi, скорость печати: ч/б - 135 стр/мин
Toshiba e-STUDIO1105;https://komp.1k.by//periphery-printers/toshiba/Toshiba_e_STUDIO1105-1699377.html;https://static.1k.by/images/products/ip/125/pp4/c/1699377/ie130a0f5d.jpg;копир/сканер, A3, печать: лазерная черно-белая, сканер: 600x600 dpi, скорость печати: ч/б - 110 стр/мин
Toshiba e-STUDIO905;https://komp.1k.by//periphery-printers/toshiba/Toshiba_e_STUDIO905-1699379.html;https://static.1k.by/images/products/ip/125/pp3/c/1699379/ie5afaf7f7.jpg;копир/сканер, A3, печать: лазерная черно-белая, сканер: 600x600 dpi, скорость печати: ч/б - 90 стр/мин
Toshiba e-STUDIO357;https://komp.1k.by//periphery-printers/toshiba/Toshiba_e_STUDIO357-1699387.html;https://static.1k.by/images/products/ip/125/pp7/c/1699387/idf083d880.jpg;копир/сканер, A3, печать: лазерная черно-белая, прямая, сканер: 600x600 dpi, скорость печати: ч/б - 35 стр/мин, вывод: 550 листов, Wi-Fi, airPrint
Toshiba e-STUDIO307;https://komp.1k.by//periphery-printers/toshiba/Toshiba_e_STUDIO307-1699389.html;https://static.1k.by/images/products/ip/125/ppc/f/1699389/idd7dda780.jpg;копир/сканер, A3, печать: лазерная черно-белая, прямая, сканер: 600x600 dpi, скорость печати: ч/б - 30 стр/мин, вывод: 550 листов, Wi-Fi, airPrint
Toshiba e-STUDIO857;https://komp.1k.by//periphery-printers/toshiba/Toshiba_e_STUDIO857-1699391.html;https://static.1k.by/images/products/ip/125/pp8/3/1699391/i084c6a290.jpg;копир/сканер, A3, печать: лазерная черно-белая, прямая, сканер: 600x600 dpi, скорость печати: ч/б - 85 стр/мин, вывод: 550 листов, Wi-Fi, airPrint
Toshiba e-STUDIO757;https://komp.1k.by//periphery-printers/toshiba/Toshiba_e_STUDIO757-1699393.html;https://static.1k.by/images/products/ip/125/pp3/8/1699393/i198f9b591.jpg;копир/сканер, A3, печать: лазерная черно-белая, прямая, сканер: 600x600 dpi, скорость печати: ч/б - 75 стр/мин, вывод: 550 листов, Wi-Fi, airPrint
Toshiba e-STUDIO657;https://komp.1k.by//periphery-printers/toshiba/Toshiba_e_STUDIO657-1699395.html;https://static.1k.by/images/products/ip/125/pp4/3/1699395/i12a05b2bc.jpg;копир/сканер, A3, печать: лазерная черно-белая, прямая, сканер: 600x600 dpi, скорость печати: ч/б - 65 стр/мин, вывод: 550 листов, Wi-Fi, airPrint
Toshiba e-STUDIO557;https://komp.1k.by//periphery-printers/toshiba/Toshiba_e_STUDIO557-1699397.html;https://static.1k.by/images/products/ip/125/pp0/5/1699397/ide60486c9.jpg;копир/сканер, A3, печать: лазерная черно-белая, прямая, сканер: 600x600 dpi, скорость печати: ч/б - 55 стр/мин, вывод: 550 листов, Wi-Fi, airPrint
Toshiba e-STUDIO507;https://komp.1k.by//periphery-printers/toshiba/Toshiba_e_STUDIO507-1699399.html;https://static.1k.by/images/products/ip/125/pp7/2/1699399/i25db5a31b.jpg;копир/сканер, A3, печать: лазерная черно-белая, прямая, сканер: 600x600 dpi, скорость печати: ч/б - 50 стр/мин, вывод: 550 листов, Wi-Fi, airPrint
Toshiba e-STUDIO457;https://komp.1k.by//periphery-printers/toshiba/Toshiba_e_STUDIO457-1699401.html;https://static.1k.by/images/products/ip/125/ppc/6/1699401/i72b89d9fd.jpg;копир/сканер, A3, печать: лазерная черно-белая, прямая, сканер: 600x600 dpi, скорость печати: ч/б - 45 стр/мин, вывод: 550 листов, Wi-Fi, airPrint
Toshiba e-STUDIO4508A;https://komp.1k.by//periphery-printers/toshiba/Toshiba_e_STUDIO4508A-2977747.html;https://static.1k.by/images/products/ip/125/pp6/4/2977747/i747f5d00a.jpg;копир/сканер, A3, печать: лазерная черно-белая, прямая, сканер: 600x600 dpi, скорость печати: ч/б - 45 стр/мин, вывод: 550 листов, airPrint
Toshiba e-STUDIO2508A;https://komp.1k.by//periphery-printers/toshiba/Toshiba_e_STUDIO2508A-2977749.html;https://static.1k.by/images/products/ip/125/pp2/5/2977749/i823816a30.jpg;копир/сканер, A3, печать: лазерная черно-белая, прямая, сканер: 600x600 dpi, скорость печати: ч/б - 25 стр/мин, вывод: 550 листов, airPrint
Toshiba e-STUDIO3008A;https://komp.1k.by//periphery-printers/toshiba/Toshiba_e_STUDIO3008A-2977751.html;https://static.1k.by/images/products/ip/125/pp4/a/2977751/i5c339dd30.jpg;копир/сканер, A3, печать: лазерная черно-белая, прямая, сканер: 600x600 dpi, скорость печати: ч/б - 30 стр/мин, вывод: 550 листов, airPrint
Toshiba e-STUDIO3508A;https://komp.1k.by//periphery-printers/toshiba/Toshiba_e_STUDIO3508A-2977753.html;https://static.1k.by/images/products/ip/125/pp6/f/2977753/ida566024b.jpg;копир/сканер, A3, печать: лазерная черно-белая, прямая, сканер: 600x600 dpi, скорость печати: ч/б - 35 стр/мин, вывод: 550 листов, airPrint
Toshiba e-STUDIO7508A;https://komp.1k.by//periphery-printers/toshiba/Toshiba_e_STUDIO7508A-2977755.html;https://static.1k.by/images/products/ip/125/ppd/1/2977755/i37ce57edb.jpg;копир/сканер, A3, печать: лазерная черно-белая, прямая, сканер: 600x600 dpi, скорость печати: ч/б - 75 стр/мин, airPrint
Toshiba e-STUDIO5008A;https://komp.1k.by//periphery-printers/toshiba/Toshiba_e_STUDIO5008A-2977757.html;https://static.1k.by/images/products/ip/125/pp3/8/2977757/ie595b5d47.jpg;копир/сканер, A3, печать: лазерная черно-белая, прямая, сканер: 600x600 dpi, скорость печати: ч/б - 50 стр/мин, вывод: 550 листов, airPrint
Toshiba e-STUDIO6508A;https://komp.1k.by//periphery-printers/toshiba/Toshiba_e_STUDIO6508A-2977761.html;https://static.1k.by/images/products/ip/125/pp2/a/2977761/i8de45f7b6.jpg;копир/сканер, A3, печать: лазерная черно-белая, прямая, сканер: 600x600 dpi, скорость печати: ч/б - 65 стр/мин, airPrint
Toshiba e-STUDIO5506AC;https://komp.1k.by//periphery-printers/toshiba/Toshiba_e_STUDIO5506AC-2986293.html;https://static.1k.by/images/products/ip/125/pp7/1/2986293/ie1ba0c999.jpg;копир/сканер, A3, печать: лазерная цветная, прямая, 600x600 dpi, сканер: 600x600 dpi, скорость печати: ч/б - 65 стр/мин, цветн. - 55 стр/мин, вывод: 100 листов, airPrint
Toshiba e-STUDIO5506AC LCF;https://komp.1k.by//periphery-printers/toshiba/Toshiba_e_STUDIO5506AC_LCF-2986295.html;https://static.1k.by/images/products/ip/125/ppc/4/2986295/i992f9c9c4.jpg;копир/сканер, A3, печать: лазерная цветная, прямая, 600x600 dpi, сканер: 600x600 dpi, скорость печати: ч/б - 65 стр/мин, цветн. - 55 стр/мин, вывод: 100 листов, airPrint
Toshiba e-STUDIO3005AC;https://komp.1k.by//periphery-printers/toshiba/Toshiba_e_STUDIO3005AC-2986297.html;https://static.1k.by/images/products/ip/125/pp6/f/2986297/i3582c9cef.jpg;копир/сканер, A3, печать: лазерная цветная, прямая, 600x600 dpi, сканер: 600x600 dpi, скорость печати: ч/б - 30 стр/мин, цветн. - 30 стр/мин, вывод: 400 листов, airPrint
Toshiba e-STUDIO5005AC;https://komp.1k.by//periphery-printers/toshiba/Toshiba_e_STUDIO5005AC-2986299.html;https://static.1k.by/images/products/ip/125/pp2/8/2986299/i0f2616a94.jpg;копир/сканер, A3, печать: лазерная цветная, прямая, 600x600 dpi, сканер: 600x600 dpi, скорость печати: ч/б - 50 стр/мин, цветн. - 50 стр/мин, вывод: 400 листов, airPrint
Toshiba e-STUDIO3505AC;https://komp.1k.by//periphery-printers/toshiba/Toshiba_e_STUDIO3505AC-2986303.html;https://static.1k.by/images/products/ip/125/ppa/6/2986303/ic48601822.jpg;копир/сканер, A3, печать: лазерная цветная, прямая, 600x600 dpi, сканер: 600x600 dpi, скорость печати: ч/б - 35 стр/мин, цветн. - 35 стр/мин, вывод: 400 листов, airPrint
Toshiba e-STUDIO4505AC;https://komp.1k.by//periphery-printers/toshiba/Toshiba_e_STUDIO4505AC-2986305.html;https://static.1k.by/images/products/ip/125/ppa/f/2986305/i4ceb06b94.jpg;копир/сканер, A3, печать: лазерная цветная, прямая, 600x600 dpi, сканер: 600x600 dpi, скорость печати: ч/б - 45 стр/мин, цветн. - 45 стр/мин, вывод: 400 листов, airPrint
Toshiba e-STUDIO6506AC;https://komp.1k.by//periphery-printers/toshiba/Toshiba_e_STUDIO6506AC-2986307.html;https://static.1k.by/images/products/ip/125/ppa/6/2986307/id489c8cba.jpg;копир/сканер, A3, печать: лазерная цветная, прямая, 600x600 dpi, сканер: 600x600 dpi, скорость печати: ч/б - 75 стр/мин, цветн. - 65 стр/мин, вывод: 100 листов, airPrint
Toshiba e-STUDIO4508LP;https://komp.1k.by//periphery-printers/toshiba/Toshiba_e_STUDIO4508LP-3192727.html;https://static.1k.by/images/products/ip/125/pp2/5/3192727/ia9da47a64.jpg;копир/сканер, A3, печать: лазерная черно-белая, сканер: 600x600 dpi, скорость печати: ч/б - 45 стр/мин, вывод: 550 листов, airPrint
Toshiba e-STUDIO5008LP;https://komp.1k.by//periphery-printers/toshiba/Toshiba_e_STUDIO5008LP-3192729.html;https://static.1k.by/images/products/ip/125/pp2/d/3192729/iba024e28f.jpg;копир/сканер, A3, печать: лазерная черно-белая, сканер: 600x600 dpi, скорость печати: ч/б - 50 стр/мин, вывод: 550 листов, airPrint
Toshiba e-STUDIO3508LP;https://komp.1k.by//periphery-printers/toshiba/Toshiba_e_STUDIO3508LP-3192731.html;https://static.1k.by/images/products/ip/125/pp1/d/3192731/ic7cfb20a7.jpg;копир/сканер, A3, печать: лазерная черно-белая, сканер: 600x600 dpi, скорость печати: ч/б - 35 стр/мин, вывод: 550 листов, airPrint
Toshiba e-STUDIO5516AC;https://komp.1k.by//periphery-printers/toshiba/Toshiba_e_STUDIO5516AC-3871721.html;https://static.1k.by/images/products/ip/125/pp5/1/3871721/i8f0111303.jpg;копир/сканер, A3, печать: лазерная цветная, прямая, 1200x1200 dpi, сканер: 600x600 dpi, скорость печати: ч/б - 65 стр/мин, цветн. - 55 стр/мин, вывод: 100 листов, airPrint
Toshiba e-STUDIO5518A;https://komp.1k.by//periphery-printers/toshiba/Toshiba_e_STUDIO5518A-3871723.html;https://static.1k.by/images/products/ip/125/pp7/0/3871723/ibe1867f46.jpg;копир/сканер, A3, печать: лазерная черно-белая, сканер: 600x600 dpi, скорость печати: ч/б - 55 стр/мин, вывод: 100 листов, airPrint
Toshiba e-STUDIO2518A;https://komp.1k.by//periphery-printers/toshiba/Toshiba_e_STUDIO2518A-3871725.html;https://static.1k.by/images/products/ip/125/pp9/3/3871725/ib422aeda0.jpg;копир/сканер, A3, печать: лазерная черно-белая, сканер: 600x600 dpi, скорость печати: ч/б - 25 стр/мин, вывод: 550 листов, airPrint
Toshiba e-STUDIO3018A;https://komp.1k.by//periphery-printers/toshiba/Toshiba_e_STUDIO3018A-3872815.html;https://static.1k.by/images/products/ip/125/ppa/0/3872815/i734dea0e4.jpg;копир/сканер, A3, печать: лазерная черно-белая, сканер: 600x600 dpi, скорость печати: ч/б - 30 стр/мин, вывод: 550 листов, airPrint
Toshiba e-STUDIO5015AC;https://komp.1k.by//periphery-printers/toshiba/Toshiba_e_STUDIO5015AC-3872817.html;https://static.1k.by/images/products/ip/125/pp9/9/3872817/ib559a336c.jpg;копир/сканер, A3, печать: лазерная цветная, прямая, 1200x1200 dpi, сканер: 600x600 dpi, скорость печати: ч/б - 50 стр/мин, цветн. - 50 стр/мин, вывод: 400 листов, airPrint
Toshiba e-STUDIO4518A;https://komp.1k.by//periphery-printers/toshiba/Toshiba_e_STUDIO4518A-3872819.html;https://static.1k.by/images/products/ip/125/ppf/4/3872819/i81d32804a.jpg;копир/сканер, A3, печать: лазерная черно-белая, сканер: 600x600 dpi, скорость печати: ч/б - 45 стр/мин, вывод: 550 листов, airPrint
Toshiba e-STUDIO3015AC;https://komp.1k.by//periphery-printers/toshiba/Toshiba_e_STUDIO3015AC-3872821.html;https://static.1k.by/images/products/ip/125/ppb/2/3872821/icd6cfe82a.jpg;копир/сканер, A3, печать: лазерная цветная, прямая, 1200x1200 dpi, сканер: 600x600 dpi, скорость печати: ч/б - 30 стр/мин, цветн. - 30 стр/мин, вывод: 400 листов, airPrint
Toshiba e-STUDIO5018A;https://komp.1k.by//periphery-printers/toshiba/Toshiba_e_STUDIO5018A-3872825.html;https://static.1k.by/images/products/ip/125/pp4/e/3872825/i87ad80da8.jpg;копир/сканер, A3, печать: лазерная черно-белая, сканер: 600x600 dpi, скорость печати: ч/б - 50 стр/мин, вывод: 550 листов, airPrint
Toshiba e-STUDIO3518A;https://komp.1k.by//periphery-printers/toshiba/Toshiba_e_STUDIO3518A-3872827.html;https://static.1k.by/images/products/ip/125/pp7/a/3872827/i3c4cf777f.jpg;копир/сканер, A3, печать: лазерная черно-белая, сканер: 600x600 dpi, скорость печати: ч/б - 35 стр/мин, вывод: 550 листов, airPrint
Toshiba e-STUDIO2010AC;https://komp.1k.by//periphery-printers/toshiba/Toshiba_e_STUDIO2010AC-3872829.html;https://static.1k.by/images/products/ip/125/ppb/5/3872829/i6dcacd0f4.jpg;копир/сканер, A3, печать: лазерная цветная, прямая, 1200x1200 dpi, сканер: 600x600 dpi, скорость печати: ч/б - 20 стр/мин, цветн. - 20 стр/мин, вывод: 550 листов, airPrint
Toshiba e-STUDIO6516AC;https://komp.1k.by//periphery-printers/toshiba/Toshiba_e_STUDIO6516AC-3872831.html;https://static.1k.by/images/products/ip/125/pp6/5/3872831/i8d51f0620.jpg;копир/сканер, A3, печать: лазерная цветная, прямая, 1200x1200 dpi, сканер: 600x600 dpi, скорость печати: ч/б - 75 стр/мин, цветн. - 65 стр/мин, вывод: 100 листов, airPrint
Toshiba e-STUDIO4515AC;https://komp.1k.by//periphery-printers/toshiba/Toshiba_e_STUDIO4515AC-3872833.html;https://static.1k.by/images/products/ip/125/pp2/a/3872833/i973189e2b.jpg;копир/сканер, A3, печать: лазерная цветная, прямая, 1200x1200 dpi, сканер: 600x600 dpi, скорость печати: ч/б - 45 стр/мин, цветн. - 45 стр/мин, вывод: 400 листов, airPrint
Toshiba e-STUDIO7516AC;https://komp.1k.by//periphery-printers/toshiba/Toshiba_e_STUDIO7516AC-3872835.html;https://static.1k.by/images/products/ip/125/pp3/5/3872835/if788a3fde.jpg;копир/сканер, A3, печать: лазерная цветная, прямая, 1200x1200 dpi, сканер: 600x600 dpi, скорость печати: ч/б - 85 стр/мин, цветн. - 75 стр/мин, вывод: 100 листов, airPrint
Toshiba e-STUDIO6518A;https://komp.1k.by//periphery-printers/toshiba/Toshiba_e_STUDIO6518A-3872837.html;https://static.1k.by/images/products/ip/125/ppd/1/3872837/i622a055c5.jpg;копир/сканер, A3, печать: лазерная черно-белая, сканер: 600x600 dpi, скорость печати: ч/б - 65 стр/мин, вывод: 100 листов, airPrint
Toshiba e-STUDIO7518A;https://komp.1k.by//periphery-printers/toshiba/Toshiba_e_STUDIO7518A-3872839.html;https://static.1k.by/images/products/ip/125/pp6/2/3872839/i328c3c671.jpg;копир/сканер, A3, печать: лазерная черно-белая, сканер: 600x600 dpi, скорость печати: ч/б - 75 стр/мин, вывод: 100 листов, airPrint
Toshiba e-STUDIO2510AC;https://komp.1k.by//periphery-printers/toshiba/Toshiba_e_STUDIO2510AC-3872841.html;https://static.1k.by/images/products/ip/125/ppb/c/3872841/i1943bf108.jpg;копир/сканер, A3, печать: лазерная цветная, прямая, 1200x1200 dpi, сканер: 600x600 dpi, скорость печати: ч/б - 25 стр/мин, цветн. - 25 стр/мин, вывод: 550 листов, airPrint
Toshiba e-STUDIO8518A;https://komp.1k.by//periphery-printers/toshiba/Toshiba_e_STUDIO8518A-3872843.html;https://static.1k.by/images/products/ip/125/pp5/3/3872843/i20e0187e1.jpg;копир/сканер, A3, печать: лазерная черно-белая, сканер: 600x600 dpi, скорость печати: ч/б - 85 стр/мин, вывод: 100 листов, airPrint
Toshiba e-STUDIO2515AC;https://komp.1k.by//periphery-printers/toshiba/Toshiba_e_STUDIO2515AC-3872845.html;https://static.1k.by/images/products/ip/125/ppe/b/3872845/ida6d44680.jpg;копир/сканер, A3, печать: лазерная цветная, прямая, 1200x1200 dpi, сканер: 600x600 dpi, скорость печати: ч/б - 25 стр/мин, цветн. - 25 стр/мин, вывод: 400 листов, airPrint
